wal_file,size_bytes
000000010000002300000056,16777216
000000010000002300000057,16777216
000000010000002300000058,16777216
000000010000002300000059,16777216
00000001000000230000005A,16777216
00000001000000230000005B,16777216
00000001000000230000005C,16777216
00000001000000230000005D,16777216
00000001000000230000005E,16777216
00000001000000230000005F,16777216
000000010000002300000060,16777216
000000010000002300000061,16777216
000000010000002300000062,16777216
000000010000002300000063,16777216
000000010000002300000064,16777216
000000010000002300000065,16777216
000000010000002300000066,16777216
000000010000002300000067,16777216
000000010000002300000068,16777216
000000010000002300000069,16777216
00000001000000230000006A,16777216
00000001000000230000006B,16777216
00000001000000230000006C,16777216
00000001000000230000006D,16777216
00000001000000230000006E,16777216
00000001000000230000006F,16777216
000000010000002300000070,16777216
000000010000002300000071,16777216
000000010000002300000072,16777216
000000010000002300000073,16777216
000000010000002300000074,16777216
000000010000002300000075,16777216
000000010000002300000076,16777216
000000010000002300000077,16777216
000000010000002300000078,16777216
000000010000002300000079,16777216
00000001000000230000007A,16777216
00000001000000230000007B,16777216
00000001000000230000007C,16777216
00000001000000230000007D,16777216
00000001000000230000007E,16777216
00000001000000230000007F,16777216
000000010000002300000080,16777216
000000010000002300000081,16777216
000000010000002300000082,16777216
000000010000002300000083,16777216
000000010000002300000084,16777216
000000010000002300000085,16777216
000000010000002300000086,16777216
000000010000002300000087,16777216
000000010000002300000088,16777216
000000010000002300000089,16777216
00000001000000230000008A,16777216
00000001000000230000008B,16777216
00000001000000230000008C,16777216
00000001000000230000008D,16777216
00000001000000230000008E,16777216
00000001000000230000008F,16777216
000000010000002300000090,16777216
000000010000002300000091,16777216
000000010000002300000092,16777216
000000010000002300000093,16777216
000000010000002300000094,16777216
000000010000002300000095,16777216
