measurement_id,measured_at,operation_name,index_type,rows_base,batch_size,probes,run_no,total_elapsed_ms,elapsed_ms_per_operation,affected_rows,found_rows,trigger_rows
28,2026-05-03 23:24:30.686007,insert,expression_index,10,10,,1,1.288000,0.128800,10,,
29,2026-05-03 23:24:30.686465,insert,expression_index,10,10,,2,0.152000,0.015200,10,,
30,2026-05-03 23:24:30.686667,insert,expression_index,10,10,,3,0.127000,0.012700,10,,
31,2026-05-03 23:24:30.686842,insert,expression_index,10,10,,4,0.105000,0.010500,10,,
32,2026-05-03 23:24:30.686961,insert,expression_index,10,10,,5,0.073000,0.007300,10,,
33,2026-05-03 23:24:30.953423,insert,function_index,10,10,,1,0.972000,0.097200,10,,
34,2026-05-03 23:24:30.953823,insert,function_index,10,10,,2,0.113000,0.011300,10,,
35,2026-05-03 23:24:30.953949,insert,function_index,10,10,,3,0.072000,0.007200,10,,
36,2026-05-03 23:24:30.954062,insert,function_index,10,10,,4,0.069000,0.006900,10,,
37,2026-05-03 23:24:30.954167,insert,function_index,10,10,,5,0.064000,0.006400,10,,
13,2026-05-03 23:24:29.780704,insert,no_index,10,10,,1,0.664000,0.066400,10,,
14,2026-05-03 23:24:29.78124,insert,no_index,10,10,,2,0.156000,0.015600,10,,
15,2026-05-03 23:24:29.781353,insert,no_index,10,10,,3,0.063000,0.006300,10,,
16,2026-05-03 23:24:29.781448,insert,no_index,10,10,,4,0.055000,0.005500,10,,
17,2026-05-03 23:24:29.781544,insert,no_index,10,10,,5,0.053000,0.005300,10,,
18,2026-05-03 23:24:30.105897,insert,simple_btree,10,10,,1,1.058000,0.105800,10,,
19,2026-05-03 23:24:30.106248,insert,simple_btree,10,10,,2,0.109000,0.010900,10,,
20,2026-05-03 23:24:30.106369,insert,simple_btree,10,10,,3,0.074000,0.007400,10,,
21,2026-05-03 23:24:30.106506,insert,simple_btree,10,10,,4,0.090000,0.009000,10,,
22,2026-05-03 23:24:30.106691,insert,simple_btree,10,10,,5,0.104000,0.010400,10,,
23,2026-05-03 23:24:30.406051,insert,unique_btree,10,10,,1,1.431000,0.143100,10,,
24,2026-05-03 23:24:30.406822,insert,unique_btree,10,10,,2,0.393000,0.039300,10,,
25,2026-05-03 23:24:30.407073,insert,unique_btree,10,10,,3,0.171000,0.017100,10,,
26,2026-05-03 23:24:30.40727,insert,unique_btree,10,10,,4,0.110000,0.011000,10,,
27,2026-05-03 23:24:30.407438,insert,unique_btree,10,10,,5,0.083000,0.008300,10,,
90,2026-05-03 23:24:33.940717,insert,expression_index,25,25,,1,0.965000,0.038600,25,,
91,2026-05-03 23:24:33.941307,insert,expression_index,25,25,,2,0.248000,0.009920,25,,
92,2026-05-03 23:24:33.9415,insert,expression_index,25,25,,3,0.125000,0.005000,25,,
93,2026-05-03 23:24:33.941973,insert,expression_index,25,25,,4,0.400000,0.016000,25,,
94,2026-05-03 23:24:33.9422,insert,expression_index,25,25,,5,0.132000,0.005280,25,,
95,2026-05-03 23:24:34.237044,insert,function_index,25,25,,1,1.137000,0.045480,25,,
96,2026-05-03 23:24:34.23766,insert,function_index,25,25,,2,0.147000,0.005880,25,,
97,2026-05-03 23:24:34.237889,insert,function_index,25,25,,3,0.160000,0.006400,25,,
98,2026-05-03 23:24:34.238449,insert,function_index,25,25,,4,0.465000,0.018600,25,,
99,2026-05-03 23:24:34.238756,insert,function_index,25,25,,5,0.195000,0.007800,25,,
75,2026-05-03 23:24:33.052287,insert,no_index,25,25,,1,0.939000,0.037560,25,,
76,2026-05-03 23:24:33.052921,insert,no_index,25,25,,2,0.173000,0.006920,25,,
77,2026-05-03 23:24:33.053057,insert,no_index,25,25,,3,0.080000,0.003200,25,,
78,2026-05-03 23:24:33.053602,insert,no_index,25,25,,4,0.486000,0.019440,25,,
79,2026-05-03 23:24:33.053763,insert,no_index,25,25,,5,0.087000,0.003480,25,,
80,2026-05-03 23:24:33.343041,insert,simple_btree,25,25,,1,0.948000,0.037920,25,,
81,2026-05-03 23:24:33.343407,insert,simple_btree,25,25,,2,0.126000,0.005040,25,,
82,2026-05-03 23:24:33.343602,insert,simple_btree,25,25,,3,0.137000,0.005480,25,,
83,2026-05-03 23:24:33.344126,insert,simple_btree,25,25,,4,0.458000,0.018320,25,,
84,2026-05-03 23:24:33.344276,insert,simple_btree,25,25,,5,0.093000,0.003720,25,,
85,2026-05-03 23:24:33.641551,insert,unique_btree,25,25,,1,0.852000,0.034080,25,,
86,2026-05-03 23:24:33.641932,insert,unique_btree,25,25,,2,0.134000,0.005360,25,,
87,2026-05-03 23:24:33.642088,insert,unique_btree,25,25,,3,0.103000,0.004120,25,,
88,2026-05-03 23:24:33.642525,insert,unique_btree,25,25,,4,0.365000,0.014600,25,,
89,2026-05-03 23:24:33.642773,insert,unique_btree,25,25,,5,0.158000,0.006320,25,,
152,2026-05-03 23:24:37.388466,insert,expression_index,50,50,,1,1.380000,0.027600,50,,
153,2026-05-03 23:24:37.38942,insert,expression_index,50,50,,2,0.565000,0.011300,50,,
154,2026-05-03 23:24:37.389678,insert,expression_index,50,50,,3,0.185000,0.003700,50,,
155,2026-05-03 23:24:37.390004,insert,expression_index,50,50,,4,0.253000,0.005060,50,,
156,2026-05-03 23:24:37.390299,insert,expression_index,50,50,,5,0.220000,0.004400,50,,
157,2026-05-03 23:24:37.710844,insert,function_index,50,50,,1,1.135000,0.022700,50,,
158,2026-05-03 23:24:37.711925,insert,function_index,50,50,,2,0.668000,0.013360,50,,
159,2026-05-03 23:24:37.712341,insert,function_index,50,50,,3,0.295000,0.005900,50,,
160,2026-05-03 23:24:37.712842,insert,function_index,50,50,,4,0.416000,0.008320,50,,
161,2026-05-03 23:24:37.713057,insert,function_index,50,50,,5,0.137000,0.002740,50,,
137,2026-05-03 23:24:36.501784,insert,no_index,50,50,,1,1.192000,0.023840,50,,
138,2026-05-03 23:24:36.502676,insert,no_index,50,50,,2,0.483000,0.009660,50,,
139,2026-05-03 23:24:36.502964,insert,no_index,50,50,,3,0.173000,0.003460,50,,
140,2026-05-03 23:24:36.503312,insert,no_index,50,50,,4,0.232000,0.004640,50,,
141,2026-05-03 23:24:36.503532,insert,no_index,50,50,,5,0.117000,0.002340,50,,
142,2026-05-03 23:24:36.787708,insert,simple_btree,50,50,,1,1.152000,0.023040,50,,
143,2026-05-03 23:24:36.788499,insert,simple_btree,50,50,,2,0.521000,0.010420,50,,
144,2026-05-03 23:24:36.788694,insert,simple_btree,50,50,,3,0.129000,0.002580,50,,
145,2026-05-03 23:24:36.788954,insert,simple_btree,50,50,,4,0.190000,0.003800,50,,
146,2026-05-03 23:24:36.789191,insert,simple_btree,50,50,,5,0.127000,0.002540,50,,
147,2026-05-03 23:24:37.093137,insert,unique_btree,50,50,,1,0.986000,0.019720,50,,
148,2026-05-03 23:24:37.094114,insert,unique_btree,50,50,,2,0.555000,0.011100,50,,
149,2026-05-03 23:24:37.094492,insert,unique_btree,50,50,,3,0.268000,0.005360,50,,
150,2026-05-03 23:24:37.095397,insert,unique_btree,50,50,,4,0.771000,0.015420,50,,
151,2026-05-03 23:24:37.095884,insert,unique_btree,50,50,,5,0.348000,0.006960,50,,
214,2026-05-03 23:24:40.953675,insert,expression_index,100,100,,1,1.486000,0.014860,100,,
215,2026-05-03 23:24:40.954606,insert,expression_index,100,100,,2,0.620000,0.006200,100,,
216,2026-05-03 23:24:40.95567,insert,expression_index,100,100,,3,0.897000,0.008970,100,,
217,2026-05-03 23:24:40.956627,insert,expression_index,100,100,,4,0.788000,0.007880,100,,
218,2026-05-03 23:24:40.957451,insert,expression_index,100,100,,5,0.718000,0.007180,100,,
219,2026-05-03 23:24:41.256388,insert,function_index,100,100,,1,1.313000,0.013130,100,,
220,2026-05-03 23:24:41.256961,insert,function_index,100,100,,2,0.276000,0.002760,100,,
221,2026-05-03 23:24:41.257339,insert,function_index,100,100,,3,0.285000,0.002850,100,,
222,2026-05-03 23:24:41.257732,insert,function_index,100,100,,4,0.296000,0.002960,100,,
223,2026-05-03 23:24:41.258055,insert,function_index,100,100,,5,0.232000,0.002320,100,,
199,2026-05-03 23:24:39.991488,insert,no_index,100,100,,1,0.961000,0.009610,100,,
200,2026-05-03 23:24:39.9923,insert,no_index,100,100,,2,0.289000,0.002890,100,,
201,2026-05-03 23:24:39.992562,insert,no_index,100,100,,3,0.171000,0.001710,100,,
202,2026-05-03 23:24:39.992806,insert,no_index,100,100,,4,0.160000,0.001600,100,,
203,2026-05-03 23:24:39.993104,insert,no_index,100,100,,5,0.181000,0.001810,100,,
204,2026-05-03 23:24:40.296552,insert,simple_btree,100,100,,1,1.701000,0.017010,100,,
205,2026-05-03 23:24:40.297187,insert,simple_btree,100,100,,2,0.276000,0.002760,100,,
206,2026-05-03 23:24:40.297661,insert,simple_btree,100,100,,3,0.358000,0.003580,100,,
207,2026-05-03 23:24:40.298108,insert,simple_btree,100,100,,4,0.338000,0.003380,100,,
208,2026-05-03 23:24:40.298731,insert,simple_btree,100,100,,5,0.461000,0.004610,100,,
209,2026-05-03 23:24:40.647343,insert,unique_btree,100,100,,1,1.052000,0.010520,100,,
210,2026-05-03 23:24:40.647901,insert,unique_btree,100,100,,2,0.280000,0.002800,100,,
211,2026-05-03 23:24:40.648327,insert,unique_btree,100,100,,3,0.331000,0.003310,100,,
212,2026-05-03 23:24:40.648936,insert,unique_btree,100,100,,4,0.513000,0.005130,100,,
213,2026-05-03 23:24:40.649439,insert,unique_btree,100,100,,5,0.405000,0.004050,100,,
276,2026-05-03 23:24:44.795201,insert,expression_index,250,250,,1,3.212000,0.012848,250,,
277,2026-05-03 23:24:44.79781,insert,expression_index,250,250,,2,1.997000,0.007988,250,,
278,2026-05-03 23:24:44.800096,insert,expression_index,250,250,,3,2.058000,0.008232,250,,
279,2026-05-03 23:24:44.80172,insert,expression_index,250,250,,4,1.249000,0.004996,250,,
280,2026-05-03 23:24:44.803391,insert,expression_index,250,250,,5,1.372000,0.005488,250,,
281,2026-05-03 23:24:45.118902,insert,function_index,250,250,,1,1.418000,0.005672,250,,
282,2026-05-03 23:24:45.120103,insert,function_index,250,250,,2,0.843000,0.003372,250,,
283,2026-05-03 23:24:45.121283,insert,function_index,250,250,,3,0.861000,0.003444,250,,
284,2026-05-03 23:24:45.122264,insert,function_index,250,250,,4,0.732000,0.002928,250,,
285,2026-05-03 23:24:45.123166,insert,function_index,250,250,,5,0.739000,0.002956,250,,
261,2026-05-03 23:24:43.802321,insert,no_index,250,250,,1,1.497000,0.005988,250,,
262,2026-05-03 23:24:43.803683,insert,no_index,250,250,,2,0.740000,0.002960,250,,
263,2026-05-03 23:24:43.804617,insert,no_index,250,250,,3,0.649000,0.002596,250,,
264,2026-05-03 23:24:43.805145,insert,no_index,250,250,,4,0.367000,0.001468,250,,
265,2026-05-03 23:24:43.805781,insert,no_index,250,250,,5,0.459000,0.001836,250,,
266,2026-05-03 23:24:44.086447,insert,simple_btree,250,250,,1,1.448000,0.005792,250,,
267,2026-05-03 23:24:44.087506,insert,simple_btree,250,250,,2,0.622000,0.002488,250,,
268,2026-05-03 23:24:44.08837,insert,simple_btree,250,250,,3,0.696000,0.002784,250,,
269,2026-05-03 23:24:44.089696,insert,simple_btree,250,250,,4,1.045000,0.004180,250,,
270,2026-05-03 23:24:44.091036,insert,simple_btree,250,250,,5,1.063000,0.004252,250,,
271,2026-05-03 23:24:44.424563,insert,unique_btree,250,250,,1,2.369000,0.009476,250,,
272,2026-05-03 23:24:44.426398,insert,unique_btree,250,250,,2,1.296000,0.005184,250,,
273,2026-05-03 23:24:44.427818,insert,unique_btree,250,250,,3,1.118000,0.004472,250,,
274,2026-05-03 23:24:44.429599,insert,unique_btree,250,250,,4,1.511000,0.006044,250,,
275,2026-05-03 23:24:44.431538,insert,unique_btree,250,250,,5,1.623000,0.006492,250,,
338,2026-05-03 23:24:48.500274,insert,expression_index,500,500,,1,3.220000,0.006440,500,,
339,2026-05-03 23:24:48.503055,insert,expression_index,500,500,,2,2.241000,0.004482,500,,
340,2026-05-03 23:24:48.505347,insert,expression_index,500,500,,3,2.035000,0.004070,500,,
341,2026-05-03 23:24:48.507534,insert,expression_index,500,500,,4,1.929000,0.003858,500,,
342,2026-05-03 23:24:48.511271,insert,expression_index,500,500,,5,3.440000,0.006880,500,,
343,2026-05-03 23:24:48.828308,insert,function_index,500,500,,1,3.130000,0.006260,500,,
344,2026-05-03 23:24:48.830908,insert,function_index,500,500,,2,1.927000,0.003854,500,,
345,2026-05-03 23:24:48.833457,insert,function_index,500,500,,3,2.123000,0.004246,500,,
346,2026-05-03 23:24:48.83602,insert,function_index,500,500,,4,2.122000,0.004244,500,,
347,2026-05-03 23:24:48.838962,insert,function_index,500,500,,5,1.980000,0.003960,500,,
323,2026-05-03 23:24:47.568793,insert,no_index,500,500,,1,2.031000,0.004062,500,,
324,2026-05-03 23:24:47.570764,insert,no_index,500,500,,2,1.171000,0.002342,500,,
325,2026-05-03 23:24:47.572242,insert,no_index,500,500,,3,1.053000,0.002106,500,,
326,2026-05-03 23:24:47.574225,insert,no_index,500,500,,4,1.460000,0.002920,500,,
327,2026-05-03 23:24:47.577072,insert,no_index,500,500,,5,2.034000,0.004068,500,,
328,2026-05-03 23:24:47.892705,insert,simple_btree,500,500,,1,2.421000,0.004842,500,,
329,2026-05-03 23:24:47.895098,insert,simple_btree,500,500,,2,1.769000,0.003538,500,,
330,2026-05-03 23:24:47.897528,insert,simple_btree,500,500,,3,2.041000,0.004082,500,,
331,2026-05-03 23:24:47.899318,insert,simple_btree,500,500,,4,1.465000,0.002930,500,,
332,2026-05-03 23:24:47.901235,insert,simple_btree,500,500,,5,1.530000,0.003060,500,,
333,2026-05-03 23:24:48.193174,insert,unique_btree,500,500,,1,2.874000,0.005748,500,,
334,2026-05-03 23:24:48.195875,insert,unique_btree,500,500,,2,2.023000,0.004046,500,,
335,2026-05-03 23:24:48.197718,insert,unique_btree,500,500,,3,1.590000,0.003180,500,,
336,2026-05-03 23:24:48.199292,insert,unique_btree,500,500,,4,1.292000,0.002584,500,,
337,2026-05-03 23:24:48.201033,insert,unique_btree,500,500,,5,1.487000,0.002974,500,,
400,2026-05-03 23:24:52.327843,insert,expression_index,1000,1000,,1,4.680000,0.004680,1000,,
401,2026-05-03 23:24:52.331987,insert,expression_index,1000,1000,,2,3.518000,0.003518,1000,,
402,2026-05-03 23:24:52.338637,insert,expression_index,1000,1000,,3,6.174000,0.006174,1000,,
403,2026-05-03 23:24:52.34276,insert,expression_index,1000,1000,,4,3.647000,0.003647,1000,,
404,2026-05-03 23:24:52.347644,insert,expression_index,1000,1000,,5,4.438000,0.004438,1000,,
405,2026-05-03 23:24:52.65297,insert,function_index,1000,1000,,1,5.023000,0.005023,1000,,
406,2026-05-03 23:24:52.657295,insert,function_index,1000,1000,,2,3.320000,0.003320,1000,,
407,2026-05-03 23:24:52.660876,insert,function_index,1000,1000,,3,2.925000,0.002925,1000,,
408,2026-05-03 23:24:52.664192,insert,function_index,1000,1000,,4,2.581000,0.002581,1000,,
409,2026-05-03 23:24:52.667114,insert,function_index,1000,1000,,5,2.203000,0.002203,1000,,
385,2026-05-03 23:24:51.397937,insert,no_index,1000,1000,,1,2.983000,0.002983,1000,,
386,2026-05-03 23:24:51.40066,insert,no_index,1000,1000,,2,1.751000,0.001751,1000,,
387,2026-05-03 23:24:51.403053,insert,no_index,1000,1000,,3,1.838000,0.001838,1000,,
388,2026-05-03 23:24:51.405999,insert,no_index,1000,1000,,4,1.964000,0.001964,1000,,
389,2026-05-03 23:24:51.409185,insert,no_index,1000,1000,,5,2.347000,0.002347,1000,,
390,2026-05-03 23:24:51.714965,insert,simple_btree,1000,1000,,1,2.982000,0.002982,1000,,
391,2026-05-03 23:24:51.717936,insert,simple_btree,1000,1000,,2,2.351000,0.002351,1000,,
392,2026-05-03 23:24:51.720317,insert,simple_btree,1000,1000,,3,1.939000,0.001939,1000,,
393,2026-05-03 23:24:51.722917,insert,simple_btree,1000,1000,,4,2.140000,0.002140,1000,,
394,2026-05-03 23:24:51.725827,insert,simple_btree,1000,1000,,5,2.438000,0.002438,1000,,
395,2026-05-03 23:24:52.005329,insert,unique_btree,1000,1000,,1,3.348000,0.003348,1000,,
396,2026-05-03 23:24:52.010989,insert,unique_btree,1000,1000,,2,4.613000,0.004613,1000,,
397,2026-05-03 23:24:52.015172,insert,unique_btree,1000,1000,,3,3.390000,0.003390,1000,,
398,2026-05-03 23:24:52.019531,insert,unique_btree,1000,1000,,4,3.876000,0.003876,1000,,
399,2026-05-03 23:24:52.025213,insert,unique_btree,1000,1000,,5,5.126000,0.005126,1000,,
462,2026-05-03 23:24:56.521403,insert,expression_index,2500,1000,,1,7.627000,0.007627,1000,,
463,2026-05-03 23:24:56.526906,insert,expression_index,2500,1000,,2,4.598000,0.004598,1000,,
464,2026-05-03 23:24:56.533501,insert,expression_index,2500,1000,,3,6.048000,0.006048,1000,,
465,2026-05-03 23:24:56.540965,insert,expression_index,2500,1000,,4,6.515000,0.006515,1000,,
466,2026-05-03 23:24:56.547047,insert,expression_index,2500,1000,,5,5.499000,0.005499,1000,,
467,2026-05-03 23:24:56.923531,insert,function_index,2500,1000,,1,5.446000,0.005446,1000,,
468,2026-05-03 23:24:56.928787,insert,function_index,2500,1000,,2,3.901000,0.003901,1000,,
469,2026-05-03 23:24:56.932381,insert,function_index,2500,1000,,3,2.942000,0.002942,1000,,
470,2026-05-03 23:24:56.935907,insert,function_index,2500,1000,,4,2.931000,0.002931,1000,,
471,2026-05-03 23:24:56.939756,insert,function_index,2500,1000,,5,2.945000,0.002945,1000,,
447,2026-05-03 23:24:55.505038,insert,no_index,2500,1000,,1,2.966000,0.002966,1000,,
448,2026-05-03 23:24:55.508522,insert,no_index,2500,1000,,2,2.189000,0.002189,1000,,
449,2026-05-03 23:24:55.511457,insert,no_index,2500,1000,,3,2.064000,0.002064,1000,,
450,2026-05-03 23:24:55.514436,insert,no_index,2500,1000,,4,1.972000,0.001972,1000,,
451,2026-05-03 23:24:55.517499,insert,no_index,2500,1000,,5,1.956000,0.001956,1000,,
452,2026-05-03 23:24:55.841084,insert,simple_btree,2500,1000,,1,6.228000,0.006228,1000,,
453,2026-05-03 23:24:55.84449,insert,simple_btree,2500,1000,,2,2.342000,0.002342,1000,,
454,2026-05-03 23:24:55.847761,insert,simple_btree,2500,1000,,3,2.770000,0.002770,1000,,
455,2026-05-03 23:24:55.850336,insert,simple_btree,2500,1000,,4,1.983000,0.001983,1000,,
456,2026-05-03 23:24:55.854089,insert,simple_btree,2500,1000,,5,3.095000,0.003095,1000,,
457,2026-05-03 23:24:56.15844,insert,unique_btree,2500,1000,,1,3.138000,0.003138,1000,,
458,2026-05-03 23:24:56.163996,insert,unique_btree,2500,1000,,2,4.759000,0.004759,1000,,
459,2026-05-03 23:24:56.170493,insert,unique_btree,2500,1000,,3,5.532000,0.005532,1000,,
460,2026-05-03 23:24:56.175171,insert,unique_btree,2500,1000,,4,3.970000,0.003970,1000,,
461,2026-05-03 23:24:56.180122,insert,unique_btree,2500,1000,,5,4.202000,0.004202,1000,,
524,2026-05-03 23:25:01.666887,insert,expression_index,5000,1000,,1,11.911000,0.011911,1000,,
525,2026-05-03 23:25:01.675829,insert,expression_index,5000,1000,,2,7.422000,0.007422,1000,,
526,2026-05-03 23:25:01.683792,insert,expression_index,5000,1000,,3,6.459000,0.006459,1000,,
527,2026-05-03 23:25:01.690967,insert,expression_index,5000,1000,,4,6.289000,0.006289,1000,,
528,2026-05-03 23:25:01.697647,insert,expression_index,5000,1000,,5,5.492000,0.005492,1000,,
529,2026-05-03 23:25:02.041798,insert,function_index,5000,1000,,1,4.507000,0.004507,1000,,
530,2026-05-03 23:25:02.04628,insert,function_index,5000,1000,,2,3.484000,0.003484,1000,,
531,2026-05-03 23:25:02.050144,insert,function_index,5000,1000,,3,2.825000,0.002825,1000,,
532,2026-05-03 23:25:02.055288,insert,function_index,5000,1000,,4,4.013000,0.004013,1000,,
533,2026-05-03 23:25:02.060966,insert,function_index,5000,1000,,5,4.146000,0.004146,1000,,
509,2026-05-03 23:25:00.591157,insert,no_index,5000,1000,,1,1.782000,0.001782,1000,,
510,2026-05-03 23:25:00.593274,insert,no_index,5000,1000,,2,1.241000,0.001241,1000,,
511,2026-05-03 23:25:00.595111,insert,no_index,5000,1000,,3,1.246000,0.001246,1000,,
512,2026-05-03 23:25:00.597025,insert,no_index,5000,1000,,4,1.242000,0.001242,1000,,
513,2026-05-03 23:25:00.599463,insert,no_index,5000,1000,,5,1.469000,0.001469,1000,,
514,2026-05-03 23:25:00.945579,insert,simple_btree,5000,1000,,1,6.157000,0.006157,1000,,
515,2026-05-03 23:25:00.950478,insert,simple_btree,5000,1000,,2,3.527000,0.003527,1000,,
516,2026-05-03 23:25:00.955561,insert,simple_btree,5000,1000,,3,3.809000,0.003809,1000,,
517,2026-05-03 23:25:00.958821,insert,simple_btree,5000,1000,,4,2.508000,0.002508,1000,,
518,2026-05-03 23:25:00.96398,insert,simple_btree,5000,1000,,5,3.873000,0.003873,1000,,
519,2026-05-03 23:25:01.278525,insert,unique_btree,5000,1000,,1,2.872000,0.002872,1000,,
520,2026-05-03 23:25:01.282117,insert,unique_btree,5000,1000,,2,2.732000,0.002732,1000,,
521,2026-05-03 23:25:01.285902,insert,unique_btree,5000,1000,,3,3.203000,0.003203,1000,,
522,2026-05-03 23:25:01.290223,insert,unique_btree,5000,1000,,4,3.684000,0.003684,1000,,
523,2026-05-03 23:25:01.296087,insert,unique_btree,5000,1000,,5,4.806000,0.004806,1000,,
586,2026-05-03 23:25:06.939152,insert,expression_index,10000,1000,,1,5.237000,0.005237,1000,,
587,2026-05-03 23:25:06.947066,insert,expression_index,10000,1000,,2,5.939000,0.005939,1000,,
588,2026-05-03 23:25:06.952099,insert,expression_index,10000,1000,,3,4.163000,0.004163,1000,,
589,2026-05-03 23:25:06.958018,insert,expression_index,10000,1000,,4,5.034000,0.005034,1000,,
590,2026-05-03 23:25:06.964478,insert,expression_index,10000,1000,,5,5.590000,0.005590,1000,,
591,2026-05-03 23:25:07.323788,insert,function_index,10000,1000,,1,3.371000,0.003371,1000,,
592,2026-05-03 23:25:07.327182,insert,function_index,10000,1000,,2,2.250000,0.002250,1000,,
593,2026-05-03 23:25:07.330643,insert,function_index,10000,1000,,3,2.690000,0.002690,1000,,
594,2026-05-03 23:25:07.333635,insert,function_index,10000,1000,,4,2.128000,0.002128,1000,,
595,2026-05-03 23:25:07.336799,insert,function_index,10000,1000,,5,2.106000,0.002106,1000,,
571,2026-05-03 23:25:05.692119,insert,no_index,10000,1000,,1,1.815000,0.001815,1000,,
572,2026-05-03 23:25:05.69494,insert,no_index,10000,1000,,2,1.542000,0.001542,1000,,
573,2026-05-03 23:25:05.696965,insert,no_index,10000,1000,,3,1.240000,0.001240,1000,,
574,2026-05-03 23:25:05.698841,insert,no_index,10000,1000,,4,1.082000,0.001082,1000,,
575,2026-05-03 23:25:05.700775,insert,no_index,10000,1000,,5,1.160000,0.001160,1000,,
576,2026-05-03 23:25:06.093109,insert,simple_btree,10000,1000,,1,3.075000,0.003075,1000,,
577,2026-05-03 23:25:06.09759,insert,simple_btree,10000,1000,,2,3.392000,0.003392,1000,,
578,2026-05-03 23:25:06.101039,insert,simple_btree,10000,1000,,3,2.401000,0.002401,1000,,
579,2026-05-03 23:25:06.104453,insert,simple_btree,10000,1000,,4,2.508000,0.002508,1000,,
580,2026-05-03 23:25:06.108368,insert,simple_btree,10000,1000,,5,2.988000,0.002988,1000,,
581,2026-05-03 23:25:06.47515,insert,unique_btree,10000,1000,,1,2.637000,0.002637,1000,,
582,2026-05-03 23:25:06.480068,insert,unique_btree,10000,1000,,2,3.455000,0.003455,1000,,
583,2026-05-03 23:25:06.485207,insert,unique_btree,10000,1000,,3,3.861000,0.003861,1000,,
584,2026-05-03 23:25:06.488935,insert,unique_btree,10000,1000,,4,2.885000,0.002885,1000,,
585,2026-05-03 23:25:06.493479,insert,unique_btree,10000,1000,,5,3.446000,0.003446,1000,,
648,2026-05-03 23:25:14.230759,insert,expression_index,25000,1000,,1,7.984000,0.007984,1000,,
649,2026-05-03 23:25:14.236961,insert,expression_index,25000,1000,,2,4.362000,0.004362,1000,,
650,2026-05-03 23:25:14.242786,insert,expression_index,25000,1000,,3,4.447000,0.004447,1000,,
651,2026-05-03 23:25:14.248903,insert,expression_index,25000,1000,,4,4.499000,0.004499,1000,,
652,2026-05-03 23:25:14.255073,insert,expression_index,25000,1000,,5,4.824000,0.004824,1000,,
653,2026-05-03 23:25:14.751961,insert,function_index,25000,1000,,1,3.830000,0.003830,1000,,
654,2026-05-03 23:25:14.756373,insert,function_index,25000,1000,,2,2.632000,0.002632,1000,,
655,2026-05-03 23:25:14.761531,insert,function_index,25000,1000,,3,3.460000,0.003460,1000,,
656,2026-05-03 23:25:14.765683,insert,function_index,25000,1000,,4,2.587000,0.002587,1000,,
657,2026-05-03 23:25:14.769329,insert,function_index,25000,1000,,5,1.891000,0.001891,1000,,
633,2026-05-03 23:25:12.404982,insert,no_index,25000,1000,,1,1.787000,0.001787,1000,,
634,2026-05-03 23:25:12.40811,insert,no_index,25000,1000,,2,1.302000,0.001302,1000,,
635,2026-05-03 23:25:12.410626,insert,no_index,25000,1000,,3,1.198000,0.001198,1000,,
636,2026-05-03 23:25:12.413725,insert,no_index,25000,1000,,4,1.794000,0.001794,1000,,
637,2026-05-03 23:25:12.416861,insert,no_index,25000,1000,,5,1.798000,0.001798,1000,,
638,2026-05-03 23:25:12.966573,insert,simple_btree,25000,1000,,1,2.926000,0.002926,1000,,
639,2026-05-03 23:25:12.970528,insert,simple_btree,25000,1000,,2,2.105000,0.002105,1000,,
640,2026-05-03 23:25:12.974802,insert,simple_btree,25000,1000,,3,2.933000,0.002933,1000,,
641,2026-05-03 23:25:12.981177,insert,simple_btree,25000,1000,,4,5.085000,0.005085,1000,,
642,2026-05-03 23:25:12.985899,insert,simple_btree,25000,1000,,5,3.315000,0.003315,1000,,
643,2026-05-03 23:25:13.497992,insert,unique_btree,25000,1000,,1,2.875000,0.002875,1000,,
644,2026-05-03 23:25:13.502543,insert,unique_btree,25000,1000,,2,2.771000,0.002771,1000,,
645,2026-05-03 23:25:13.507863,insert,unique_btree,25000,1000,,3,3.872000,0.003872,1000,,
646,2026-05-03 23:25:13.513151,insert,unique_btree,25000,1000,,4,3.480000,0.003480,1000,,
647,2026-05-03 23:25:13.520186,insert,unique_btree,25000,1000,,5,5.353000,0.005353,1000,,
710,2026-05-03 23:25:24.355736,insert,expression_index,50000,1000,,1,12.159000,0.012159,1000,,
711,2026-05-03 23:25:24.367681,insert,expression_index,50000,1000,,2,8.184000,0.008184,1000,,
712,2026-05-03 23:25:24.37572,insert,expression_index,50000,1000,,3,5.366000,0.005366,1000,,
713,2026-05-03 23:25:24.383713,insert,expression_index,50000,1000,,4,4.708000,0.004708,1000,,
714,2026-05-03 23:25:24.393665,insert,expression_index,50000,1000,,5,7.396000,0.007396,1000,,
715,2026-05-03 23:25:24.95969,insert,function_index,50000,1000,,1,3.254000,0.003254,1000,,
716,2026-05-03 23:25:24.965375,insert,function_index,50000,1000,,2,2.279000,0.002279,1000,,
717,2026-05-03 23:25:24.970086,insert,function_index,50000,1000,,3,2.223000,0.002223,1000,,
718,2026-05-03 23:25:24.976671,insert,function_index,50000,1000,,4,3.517000,0.003517,1000,,
719,2026-05-03 23:25:24.982814,insert,function_index,50000,1000,,5,3.588000,0.003588,1000,,
695,2026-05-03 23:25:22.100386,insert,no_index,50000,1000,,1,1.995000,0.001995,1000,,
696,2026-05-03 23:25:22.104659,insert,no_index,50000,1000,,2,1.209000,0.001209,1000,,
697,2026-05-03 23:25:22.1089,insert,no_index,50000,1000,,3,1.523000,0.001523,1000,,
698,2026-05-03 23:25:22.112632,insert,no_index,50000,1000,,4,1.175000,0.001175,1000,,
699,2026-05-03 23:25:22.117271,insert,no_index,50000,1000,,5,1.339000,0.001339,1000,,
700,2026-05-03 23:25:22.693378,insert,simple_btree,50000,1000,,1,3.046000,0.003046,1000,,
701,2026-05-03 23:25:22.699154,insert,simple_btree,50000,1000,,2,2.360000,0.002360,1000,,
702,2026-05-03 23:25:22.704031,insert,simple_btree,50000,1000,,3,2.435000,0.002435,1000,,
703,2026-05-03 23:25:22.709336,insert,simple_btree,50000,1000,,4,2.808000,0.002808,1000,,
704,2026-05-03 23:25:22.715423,insert,simple_btree,50000,1000,,5,3.503000,0.003503,1000,,
705,2026-05-03 23:25:23.377787,insert,unique_btree,50000,1000,,1,2.845000,0.002845,1000,,
706,2026-05-03 23:25:23.383405,insert,unique_btree,50000,1000,,2,2.776000,0.002776,1000,,
707,2026-05-03 23:25:23.389091,insert,unique_btree,50000,1000,,3,3.350000,0.003350,1000,,
708,2026-05-03 23:25:23.397151,insert,unique_btree,50000,1000,,4,4.745000,0.004745,1000,,
709,2026-05-03 23:25:23.407237,insert,unique_btree,50000,1000,,5,6.134000,0.006134,1000,,
772,2026-05-03 23:25:40.278418,insert,expression_index,100000,1000,,1,42.298000,0.042298,1000,,
773,2026-05-03 23:25:40.294545,insert,expression_index,100000,1000,,2,8.577000,0.008577,1000,,
774,2026-05-03 23:25:40.30554,insert,expression_index,100000,1000,,3,6.692000,0.006692,1000,,
775,2026-05-03 23:25:40.316512,insert,expression_index,100000,1000,,4,6.334000,0.006334,1000,,
776,2026-05-03 23:25:40.326747,insert,expression_index,100000,1000,,5,5.733000,0.005733,1000,,
777,2026-05-03 23:25:41.323461,insert,function_index,100000,1000,,1,3.642000,0.003642,1000,,
778,2026-05-03 23:25:41.333377,insert,function_index,100000,1000,,2,3.117000,0.003117,1000,,
779,2026-05-03 23:25:41.343895,insert,function_index,100000,1000,,3,3.499000,0.003499,1000,,
780,2026-05-03 23:25:41.351407,insert,function_index,100000,1000,,4,2.389000,0.002389,1000,,
781,2026-05-03 23:25:41.359123,insert,function_index,100000,1000,,5,2.674000,0.002674,1000,,
757,2026-05-03 23:25:36.989266,insert,no_index,100000,1000,,1,1.806000,0.001806,1000,,
758,2026-05-03 23:25:36.99651,insert,no_index,100000,1000,,2,1.269000,0.001269,1000,,
759,2026-05-03 23:25:37.00212,insert,no_index,100000,1000,,3,1.232000,0.001232,1000,,
760,2026-05-03 23:25:37.008595,insert,no_index,100000,1000,,4,1.558000,0.001558,1000,,
761,2026-05-03 23:25:37.014132,insert,no_index,100000,1000,,5,1.145000,0.001145,1000,,
762,2026-05-03 23:25:38.000167,insert,simple_btree,100000,1000,,1,3.564000,0.003564,1000,,
763,2026-05-03 23:25:38.008758,insert,simple_btree,100000,1000,,2,3.209000,0.003209,1000,,
764,2026-05-03 23:25:38.016569,insert,simple_btree,100000,1000,,3,3.066000,0.003066,1000,,
765,2026-05-03 23:25:38.024935,insert,simple_btree,100000,1000,,4,3.490000,0.003490,1000,,
766,2026-05-03 23:25:38.032499,insert,simple_btree,100000,1000,,5,3.051000,0.003051,1000,,
767,2026-05-03 23:25:38.856042,insert,unique_btree,100000,1000,,1,3.245000,0.003245,1000,,
768,2026-05-03 23:25:38.866445,insert,unique_btree,100000,1000,,2,4.057000,0.004057,1000,,
769,2026-05-03 23:25:38.876394,insert,unique_btree,100000,1000,,3,5.083000,0.005083,1000,,
770,2026-05-03 23:25:38.885177,insert,unique_btree,100000,1000,,4,3.392000,0.003392,1000,,
771,2026-05-03 23:25:38.893316,insert,unique_btree,100000,1000,,5,3.421000,0.003421,1000,,
834,2026-05-03 23:26:09.3704,insert,expression_index,250000,1000,,1,12.595000,0.012595,1000,,
835,2026-05-03 23:26:09.395591,insert,expression_index,250000,1000,,2,8.627000,0.008627,1000,,
836,2026-05-03 23:26:09.424126,insert,expression_index,250000,1000,,3,9.047000,0.009047,1000,,
837,2026-05-03 23:26:09.446461,insert,expression_index,250000,1000,,4,8.038000,0.008038,1000,,
838,2026-05-03 23:26:09.476178,insert,expression_index,250000,1000,,5,11.610000,0.011610,1000,,
839,2026-05-03 23:26:10.817992,insert,function_index,250000,1000,,1,6.368000,0.006368,1000,,
840,2026-05-03 23:26:10.844173,insert,function_index,250000,1000,,2,4.489000,0.004489,1000,,
841,2026-05-03 23:26:10.867868,insert,function_index,250000,1000,,3,6.696000,0.006696,1000,,
842,2026-05-03 23:26:10.891971,insert,function_index,250000,1000,,4,4.125000,0.004125,1000,,
843,2026-05-03 23:26:10.914535,insert,function_index,250000,1000,,5,3.929000,0.003929,1000,,
819,2026-05-03 23:26:04.983687,insert,no_index,250000,1000,,1,1.797000,0.001797,1000,,
820,2026-05-03 23:26:04.996666,insert,no_index,250000,1000,,2,1.312000,0.001312,1000,,
821,2026-05-03 23:26:05.008053,insert,no_index,250000,1000,,3,1.200000,0.001200,1000,,
822,2026-05-03 23:26:05.023485,insert,no_index,250000,1000,,4,2.258000,0.002258,1000,,
823,2026-05-03 23:26:05.039438,insert,no_index,250000,1000,,5,2.301000,0.002301,1000,,
824,2026-05-03 23:26:06.167686,insert,simple_btree,250000,1000,,1,16.793000,0.016793,1000,,
825,2026-05-03 23:26:06.182811,insert,simple_btree,250000,1000,,2,2.962000,0.002962,1000,,
826,2026-05-03 23:26:06.200923,insert,simple_btree,250000,1000,,3,4.094000,0.004094,1000,,
827,2026-05-03 23:26:06.215465,insert,simple_btree,250000,1000,,4,3.195000,0.003195,1000,,
828,2026-05-03 23:26:06.23802,insert,simple_btree,250000,1000,,5,4.551000,0.004551,1000,,
829,2026-05-03 23:26:07.490541,insert,unique_btree,250000,1000,,1,3.278000,0.003278,1000,,
830,2026-05-03 23:26:07.509877,insert,unique_btree,250000,1000,,2,5.298000,0.005298,1000,,
831,2026-05-03 23:26:07.527619,insert,unique_btree,250000,1000,,3,4.161000,0.004161,1000,,
832,2026-05-03 23:26:07.542929,insert,unique_btree,250000,1000,,4,3.592000,0.003592,1000,,
833,2026-05-03 23:26:07.559328,insert,unique_btree,250000,1000,,5,4.881000,0.004881,1000,,
896,2026-05-03 23:26:49.350818,insert,expression_index,500000,1000,,1,36.814000,0.036814,1000,,
897,2026-05-03 23:26:49.380549,insert,expression_index,500000,1000,,2,6.814000,0.006814,1000,,
898,2026-05-03 23:26:49.415124,insert,expression_index,500000,1000,,3,7.491000,0.007491,1000,,
899,2026-05-03 23:26:49.448977,insert,expression_index,500000,1000,,4,10.145000,0.010145,1000,,
900,2026-05-03 23:26:49.480773,insert,expression_index,500000,1000,,5,7.459000,0.007459,1000,,
901,2026-05-03 23:26:51.012766,insert,function_index,500000,1000,,1,6.602000,0.006602,1000,,
902,2026-05-03 23:26:51.042752,insert,function_index,500000,1000,,2,3.081000,0.003081,1000,,
903,2026-05-03 23:26:51.067172,insert,function_index,500000,1000,,3,2.582000,0.002582,1000,,
904,2026-05-03 23:26:51.094298,insert,function_index,500000,1000,,4,2.280000,0.002280,1000,,
905,2026-05-03 23:26:51.125917,insert,function_index,500000,1000,,5,9.680000,0.009680,1000,,
881,2026-05-03 23:26:42.418395,insert,no_index,500000,1000,,1,1.781000,0.001781,1000,,
882,2026-05-03 23:26:42.442827,insert,no_index,500000,1000,,2,1.316000,0.001316,1000,,
883,2026-05-03 23:26:42.464521,insert,no_index,500000,1000,,3,1.514000,0.001514,1000,,
884,2026-05-03 23:26:42.488451,insert,no_index,500000,1000,,4,1.796000,0.001796,1000,,
885,2026-05-03 23:26:42.510762,insert,no_index,500000,1000,,5,2.776000,0.002776,1000,,
886,2026-05-03 23:26:44.312861,insert,simple_btree,500000,1000,,1,37.519000,0.037519,1000,,
887,2026-05-03 23:26:44.3405,insert,simple_btree,500000,1000,,2,3.320000,0.003320,1000,,
888,2026-05-03 23:26:44.367918,insert,simple_btree,500000,1000,,3,4.440000,0.004440,1000,,
889,2026-05-03 23:26:44.396377,insert,simple_btree,500000,1000,,4,5.163000,0.005163,1000,,
890,2026-05-03 23:26:44.424877,insert,simple_btree,500000,1000,,5,3.443000,0.003443,1000,,
891,2026-05-03 23:26:46.570708,insert,unique_btree,500000,1000,,1,3.350000,0.003350,1000,,
892,2026-05-03 23:26:46.61832,insert,unique_btree,500000,1000,,2,5.575000,0.005575,1000,,
893,2026-05-03 23:26:46.652949,insert,unique_btree,500000,1000,,3,5.243000,0.005243,1000,,
894,2026-05-03 23:26:46.684212,insert,unique_btree,500000,1000,,4,3.612000,0.003612,1000,,
895,2026-05-03 23:26:46.707671,insert,unique_btree,500000,1000,,5,3.849000,0.003849,1000,,
7,2026-05-03 23:24:29.466905,select,btree_index_nonclustered,10,,200,1,9.994000,0.049970,,200,
8,2026-05-03 23:24:29.47205,select,btree_index_nonclustered,10,,200,2,5.035000,0.025175,,200,
9,2026-05-03 23:24:29.477113,select,btree_index_nonclustered,10,,200,3,5.009000,0.025045,,200,
10,2026-05-03 23:24:29.483132,select,btree_index_nonclustered,10,,200,4,5.965000,0.029825,,200,
11,2026-05-03 23:24:29.488544,select,btree_index_nonclustered,10,,200,5,5.355000,0.026775,,200,
12,2026-05-03 23:24:29.49711,select,btree_index_nonclustered,10,,200,6,8.495000,0.042475,,200,
1,2026-05-03 23:24:29.280411,select,without_index_nonclustered,10,,200,1,9.947000,0.049735,,200,
2,2026-05-03 23:24:29.285488,select,without_index_nonclustered,10,,200,2,3.994000,0.019970,,200,
3,2026-05-03 23:24:29.288596,select,without_index_nonclustered,10,,200,3,3.070000,0.015350,,200,
4,2026-05-03 23:24:29.292024,select,without_index_nonclustered,10,,200,4,3.391000,0.016955,,200,
5,2026-05-03 23:24:29.29827,select,without_index_nonclustered,10,,200,5,6.191000,0.030955,,200,
6,2026-05-03 23:24:29.30567,select,without_index_nonclustered,10,,200,6,7.341000,0.036705,,200,
69,2026-05-03 23:24:32.748086,select,btree_index_nonclustered,25,,200,1,5.955000,0.029775,,200,
70,2026-05-03 23:24:32.752953,select,btree_index_nonclustered,25,,200,2,4.767000,0.023835,,200,
71,2026-05-03 23:24:32.758384,select,btree_index_nonclustered,25,,200,3,5.381000,0.026905,,200,
72,2026-05-03 23:24:32.766424,select,btree_index_nonclustered,25,,200,4,7.979000,0.039895,,200,
73,2026-05-03 23:24:32.774985,select,btree_index_nonclustered,25,,200,5,8.501000,0.042505,,200,
74,2026-05-03 23:24:32.779592,select,btree_index_nonclustered,25,,200,6,4.564000,0.022820,,200,
63,2026-05-03 23:24:32.627144,select,without_index_nonclustered,25,,200,1,4.900000,0.024500,,200,
64,2026-05-03 23:24:32.630958,select,without_index_nonclustered,25,,200,2,3.696000,0.018480,,200,
65,2026-05-03 23:24:32.634302,select,without_index_nonclustered,25,,200,3,3.314000,0.016570,,200,
66,2026-05-03 23:24:32.638663,select,without_index_nonclustered,25,,200,4,4.327000,0.021635,,200,
67,2026-05-03 23:24:32.643517,select,without_index_nonclustered,25,,200,5,4.811000,0.024055,,200,
68,2026-05-03 23:24:32.647058,select,without_index_nonclustered,25,,200,6,3.234000,0.016170,,200,
131,2026-05-03 23:24:36.184273,select,btree_index_nonclustered,50,,200,1,7.566000,0.037830,,200,
132,2026-05-03 23:24:36.189759,select,btree_index_nonclustered,50,,200,2,5.336000,0.026680,,200,
133,2026-05-03 23:24:36.195822,select,btree_index_nonclustered,50,,200,3,6.005000,0.030025,,200,
134,2026-05-03 23:24:36.200795,select,btree_index_nonclustered,50,,200,4,4.856000,0.024280,,200,
135,2026-05-03 23:24:36.205076,select,btree_index_nonclustered,50,,200,5,4.242000,0.021210,,200,
136,2026-05-03 23:24:36.210932,select,btree_index_nonclustered,50,,200,6,5.802000,0.029010,,200,
125,2026-05-03 23:24:36.056459,select,without_index_nonclustered,50,,200,1,5.500000,0.027500,,200,
126,2026-05-03 23:24:36.060998,select,without_index_nonclustered,50,,200,2,4.405000,0.022025,,200,
127,2026-05-03 23:24:36.064508,select,without_index_nonclustered,50,,200,3,3.466000,0.017330,,200,
128,2026-05-03 23:24:36.068358,select,without_index_nonclustered,50,,200,4,3.803000,0.019015,,200,
129,2026-05-03 23:24:36.07228,select,without_index_nonclustered,50,,200,5,3.877000,0.019385,,200,
130,2026-05-03 23:24:36.07565,select,without_index_nonclustered,50,,200,6,3.336000,0.016680,,200,
193,2026-05-03 23:24:39.629812,select,btree_index_nonclustered,100,,200,1,8.372000,0.041860,,200,
194,2026-05-03 23:24:39.635665,select,btree_index_nonclustered,100,,200,2,5.730000,0.028650,,200,
195,2026-05-03 23:24:39.641278,select,btree_index_nonclustered,100,,200,3,5.550000,0.027750,,200,
196,2026-05-03 23:24:39.646495,select,btree_index_nonclustered,100,,200,4,5.160000,0.025800,,200,
197,2026-05-03 23:24:39.651456,select,btree_index_nonclustered,100,,200,5,4.921000,0.024605,,200,
198,2026-05-03 23:24:39.658347,select,btree_index_nonclustered,100,,200,6,6.837000,0.034185,,200,
187,2026-05-03 23:24:39.470056,select,without_index_nonclustered,100,,200,1,6.377000,0.031885,,200,
188,2026-05-03 23:24:39.483022,select,without_index_nonclustered,100,,200,2,12.786000,0.063930,,200,
189,2026-05-03 23:24:39.493266,select,without_index_nonclustered,100,,200,3,10.106000,0.050530,,200,
190,2026-05-03 23:24:39.504318,select,without_index_nonclustered,100,,200,4,10.969000,0.054845,,200,
191,2026-05-03 23:24:39.514774,select,without_index_nonclustered,100,,200,5,10.375000,0.051875,,200,
192,2026-05-03 23:24:39.521217,select,without_index_nonclustered,100,,200,6,6.372000,0.031860,,200,
255,2026-05-03 23:24:43.419886,select,btree_index_nonclustered,250,,200,1,11.435000,0.057175,,200,
256,2026-05-03 23:24:43.430455,select,btree_index_nonclustered,250,,200,2,10.386000,0.051930,,200,
257,2026-05-03 23:24:43.44441,select,btree_index_nonclustered,250,,200,3,13.878000,0.069390,,200,
258,2026-05-03 23:24:43.461121,select,btree_index_nonclustered,250,,200,4,16.629000,0.083145,,200,
259,2026-05-03 23:24:43.473731,select,btree_index_nonclustered,250,,200,5,12.521000,0.062605,,200,
260,2026-05-03 23:24:43.483861,select,btree_index_nonclustered,250,,200,6,10.047000,0.050235,,200,
249,2026-05-03 23:24:43.262338,select,without_index_nonclustered,250,,200,1,8.749000,0.043745,,200,
250,2026-05-03 23:24:43.267877,select,without_index_nonclustered,250,,200,2,5.389000,0.026945,,200,
251,2026-05-03 23:24:43.275848,select,without_index_nonclustered,250,,200,3,7.905000,0.039525,,200,
252,2026-05-03 23:24:43.284847,select,without_index_nonclustered,250,,200,4,8.927000,0.044635,,200,
253,2026-05-03 23:24:43.293006,select,without_index_nonclustered,250,,200,5,8.083000,0.040415,,200,
254,2026-05-03 23:24:43.300998,select,without_index_nonclustered,250,,200,6,7.931000,0.039655,,200,
317,2026-05-03 23:24:47.22373,select,btree_index_nonclustered,500,,200,1,5.381000,0.026905,,200,
318,2026-05-03 23:24:47.231019,select,btree_index_nonclustered,500,,200,2,7.185000,0.035925,,200,
319,2026-05-03 23:24:47.239138,select,btree_index_nonclustered,500,,200,3,8.059000,0.040295,,200,
320,2026-05-03 23:24:47.246211,select,btree_index_nonclustered,500,,200,4,6.961000,0.034805,,200,
321,2026-05-03 23:24:47.251004,select,btree_index_nonclustered,500,,200,5,4.750000,0.023750,,200,
322,2026-05-03 23:24:47.25647,select,btree_index_nonclustered,500,,200,6,5.416000,0.027080,,200,
311,2026-05-03 23:24:47.066163,select,without_index_nonclustered,500,,200,1,12.358000,0.061790,,200,
312,2026-05-03 23:24:47.07735,select,without_index_nonclustered,500,,200,2,10.971000,0.054855,,200,
313,2026-05-03 23:24:47.085977,select,without_index_nonclustered,500,,200,3,8.556000,0.042780,,200,
314,2026-05-03 23:24:47.093633,select,without_index_nonclustered,500,,200,4,7.598000,0.037990,,200,
315,2026-05-03 23:24:47.101558,select,without_index_nonclustered,500,,200,5,7.868000,0.039340,,200,
316,2026-05-03 23:24:47.109672,select,without_index_nonclustered,500,,200,6,8.057000,0.040285,,200,
379,2026-05-03 23:24:51.073039,select,btree_index_nonclustered,1000,,200,1,6.100000,0.030500,,200,
380,2026-05-03 23:24:51.078913,select,btree_index_nonclustered,1000,,200,2,5.728000,0.028640,,200,
381,2026-05-03 23:24:51.086537,select,btree_index_nonclustered,1000,,200,3,7.576000,0.037880,,200,
382,2026-05-03 23:24:51.095684,select,btree_index_nonclustered,1000,,200,4,9.082000,0.045410,,200,
383,2026-05-03 23:24:51.105062,select,btree_index_nonclustered,1000,,200,5,9.305000,0.046525,,200,
384,2026-05-03 23:24:51.11094,select,btree_index_nonclustered,1000,,200,6,5.820000,0.029100,,200,
373,2026-05-03 23:24:50.903732,select,without_index_nonclustered,1000,,200,1,11.393000,0.056965,,200,
374,2026-05-03 23:24:50.914893,select,without_index_nonclustered,1000,,200,2,10.854000,0.054270,,200,
375,2026-05-03 23:24:50.925654,select,without_index_nonclustered,1000,,200,3,10.702000,0.053510,,200,
376,2026-05-03 23:24:50.941917,select,without_index_nonclustered,1000,,200,4,16.196000,0.080980,,200,
377,2026-05-03 23:24:50.955834,select,without_index_nonclustered,1000,,200,5,13.853000,0.069265,,200,
378,2026-05-03 23:24:50.968241,select,without_index_nonclustered,1000,,200,6,12.349000,0.061745,,200,
441,2026-05-03 23:24:55.159091,select,btree_index_nonclustered,2500,,200,1,9.976000,0.049880,,200,
442,2026-05-03 23:24:55.165282,select,btree_index_nonclustered,2500,,200,2,6.019000,0.030095,,200,
443,2026-05-03 23:24:55.171359,select,btree_index_nonclustered,2500,,200,3,5.928000,0.029640,,200,
444,2026-05-03 23:24:55.176373,select,btree_index_nonclustered,2500,,200,4,4.962000,0.024810,,200,
445,2026-05-03 23:24:55.183613,select,btree_index_nonclustered,2500,,200,5,7.188000,0.035940,,200,
446,2026-05-03 23:24:55.188743,select,btree_index_nonclustered,2500,,200,6,5.086000,0.025430,,200,
435,2026-05-03 23:24:54.895415,select,without_index_nonclustered,2500,,200,1,26.486000,0.132430,,200,
436,2026-05-03 23:24:54.918636,select,without_index_nonclustered,2500,,200,2,23.046000,0.115230,,200,
437,2026-05-03 23:24:54.952042,select,without_index_nonclustered,2500,,200,3,33.332000,0.166660,,200,
438,2026-05-03 23:24:54.978231,select,without_index_nonclustered,2500,,200,4,26.095000,0.130475,,200,
439,2026-05-03 23:24:55.010571,select,without_index_nonclustered,2500,,200,5,32.266000,0.161330,,200,
440,2026-05-03 23:24:55.038068,select,without_index_nonclustered,2500,,200,6,27.431000,0.137155,,200,
503,2026-05-03 23:25:00.17614,select,btree_index_nonclustered,5000,,200,1,20.585000,0.102925,,200,
504,2026-05-03 23:25:00.200791,select,btree_index_nonclustered,5000,,200,2,24.396000,0.121980,,200,
505,2026-05-03 23:25:00.210212,select,btree_index_nonclustered,5000,,200,3,9.348000,0.046740,,200,
506,2026-05-03 23:25:00.217921,select,btree_index_nonclustered,5000,,200,4,7.438000,0.037190,,200,
507,2026-05-03 23:25:00.224677,select,btree_index_nonclustered,5000,,200,5,6.693000,0.033465,,200,
508,2026-05-03 23:25:00.231563,select,btree_index_nonclustered,5000,,200,6,6.814000,0.034070,,200,
497,2026-05-03 23:24:59.684751,select,without_index_nonclustered,5000,,200,1,71.459000,0.357295,,200,
498,2026-05-03 23:24:59.775562,select,without_index_nonclustered,5000,,200,2,90.635000,0.453175,,200,
499,2026-05-03 23:24:59.847073,select,without_index_nonclustered,5000,,200,3,71.411000,0.357055,,200,
500,2026-05-03 23:24:59.896642,select,without_index_nonclustered,5000,,200,4,49.449000,0.247245,,200,
501,2026-05-03 23:24:59.942235,select,without_index_nonclustered,5000,,200,5,45.521000,0.227605,,200,
502,2026-05-03 23:24:59.987066,select,without_index_nonclustered,5000,,200,6,44.771000,0.223855,,200,
565,2026-05-03 23:25:05.296682,select,btree_index_nonclustered,10000,,200,1,5.739000,0.028695,,200,
566,2026-05-03 23:25:05.301374,select,btree_index_nonclustered,10000,,200,2,4.601000,0.023005,,200,
567,2026-05-03 23:25:05.307711,select,btree_index_nonclustered,10000,,200,3,6.288000,0.031440,,200,
568,2026-05-03 23:25:05.31349,select,btree_index_nonclustered,10000,,200,4,5.734000,0.028670,,200,
569,2026-05-03 23:25:05.318563,select,btree_index_nonclustered,10000,,200,5,5.032000,0.025160,,200,
570,2026-05-03 23:25:05.322944,select,btree_index_nonclustered,10000,,200,6,4.344000,0.021720,,200,
559,2026-05-03 23:25:04.67841,select,without_index_nonclustered,10000,,200,1,84.894000,0.424470,,200,
560,2026-05-03 23:25:04.788886,select,without_index_nonclustered,10000,,200,2,110.318000,0.551590,,200,
561,2026-05-03 23:25:04.890628,select,without_index_nonclustered,10000,,200,3,101.659000,0.508295,,200,
562,2026-05-03 23:25:04.988907,select,without_index_nonclustered,10000,,200,4,98.219000,0.491095,,200,
563,2026-05-03 23:25:05.077871,select,without_index_nonclustered,10000,,200,5,88.907000,0.444535,,200,
564,2026-05-03 23:25:05.169103,select,without_index_nonclustered,10000,,200,6,91.164000,0.455820,,200,
627,2026-05-03 23:25:11.896881,select,btree_index_nonclustered,25000,,200,1,16.998000,0.084990,,200,
628,2026-05-03 23:25:11.905496,select,btree_index_nonclustered,25000,,200,2,8.477000,0.042385,,200,
629,2026-05-03 23:25:11.912399,select,btree_index_nonclustered,25000,,200,3,6.835000,0.034175,,200,
630,2026-05-03 23:25:11.919869,select,btree_index_nonclustered,25000,,200,4,7.405000,0.037025,,200,
631,2026-05-03 23:25:11.926814,select,btree_index_nonclustered,25000,,200,5,6.892000,0.034460,,200,
632,2026-05-03 23:25:11.931361,select,btree_index_nonclustered,25000,,200,6,4.493000,0.022465,,200,
621,2026-05-03 23:25:10.547348,select,without_index_nonclustered,25000,,200,1,255.102000,1.275510,,200,
622,2026-05-03 23:25:10.771283,select,without_index_nonclustered,25000,,200,2,223.739000,1.118695,,200,
623,2026-05-03 23:25:11.009109,select,without_index_nonclustered,25000,,200,3,237.751000,1.188755,,200,
624,2026-05-03 23:25:11.264394,select,without_index_nonclustered,25000,,200,4,255.206000,1.276030,,200,
625,2026-05-03 23:25:11.473502,select,without_index_nonclustered,25000,,200,5,209.047000,1.045235,,200,
626,2026-05-03 23:25:11.70445,select,without_index_nonclustered,25000,,200,6,230.869000,1.154345,,200,
689,2026-05-03 23:25:21.336183,select,btree_index_nonclustered,50000,,200,1,8.974000,0.044870,,200,
690,2026-05-03 23:25:21.344245,select,btree_index_nonclustered,50000,,200,2,7.897000,0.039485,,200,
691,2026-05-03 23:25:21.351849,select,btree_index_nonclustered,50000,,200,3,7.512000,0.037560,,200,
692,2026-05-03 23:25:21.361077,select,btree_index_nonclustered,50000,,200,4,9.150000,0.045750,,200,
693,2026-05-03 23:25:21.370167,select,btree_index_nonclustered,50000,,200,5,9.031000,0.045155,,200,
694,2026-05-03 23:25:21.376633,select,btree_index_nonclustered,50000,,200,6,6.413000,0.032065,,200,
683,2026-05-03 23:25:18.841283,select,without_index_nonclustered,50000,,200,1,434.639000,2.173195,,200,
684,2026-05-03 23:25:19.321207,select,without_index_nonclustered,50000,,200,2,479.679000,2.398395,,200,
685,2026-05-03 23:25:19.755341,select,without_index_nonclustered,50000,,200,3,434.066000,2.170330,,200,
686,2026-05-03 23:25:20.206685,select,without_index_nonclustered,50000,,200,4,451.281000,2.256405,,200,
687,2026-05-03 23:25:20.667998,select,without_index_nonclustered,50000,,200,5,461.250000,2.306250,,200,
688,2026-05-03 23:25:21.114468,select,without_index_nonclustered,50000,,200,6,446.374000,2.231870,,200,
751,2026-05-03 23:25:36.170986,select,btree_index_nonclustered,100000,,200,1,25.105000,0.125525,,200,
752,2026-05-03 23:25:36.215547,select,btree_index_nonclustered,100000,,200,2,44.301000,0.221505,,200,
753,2026-05-03 23:25:36.229528,select,btree_index_nonclustered,100000,,200,3,13.900000,0.069500,,200,
754,2026-05-03 23:25:36.241585,select,btree_index_nonclustered,100000,,200,4,11.970000,0.059850,,200,
755,2026-05-03 23:25:36.251332,select,btree_index_nonclustered,100000,,200,5,9.674000,0.048370,,200,
756,2026-05-03 23:25:36.26127,select,btree_index_nonclustered,100000,,200,6,9.798000,0.048990,,200,
745,2026-05-03 23:25:30.861072,select,without_index_nonclustered,100000,,200,1,1103.623000,5.518115,,200,
746,2026-05-03 23:25:31.775868,select,without_index_nonclustered,100000,,200,2,914.555000,4.572775,,200,
747,2026-05-03 23:25:32.821431,select,without_index_nonclustered,100000,,200,3,1045.454000,5.227270,,200,
748,2026-05-03 23:25:33.955322,select,without_index_nonclustered,100000,,200,4,1133.776000,5.668880,,200,
749,2026-05-03 23:25:34.917833,select,without_index_nonclustered,100000,,200,5,962.434000,4.812170,,200,
750,2026-05-03 23:25:35.867223,select,without_index_nonclustered,100000,,200,6,949.326000,4.746630,,200,
813,2026-05-03 23:26:03.923847,select,btree_index_nonclustered,250000,,200,1,16.113000,0.080565,,200,
814,2026-05-03 23:26:03.941802,select,btree_index_nonclustered,250000,,200,2,17.774000,0.088870,,200,
815,2026-05-03 23:26:03.959749,select,btree_index_nonclustered,250000,,200,3,17.679000,0.088395,,200,
816,2026-05-03 23:26:03.972205,select,btree_index_nonclustered,250000,,200,4,12.396000,0.061980,,200,
817,2026-05-03 23:26:03.986889,select,btree_index_nonclustered,250000,,200,5,14.630000,0.073150,,200,
818,2026-05-03 23:26:04.000299,select,btree_index_nonclustered,250000,,200,6,13.359000,0.066795,,200,
807,2026-05-03 23:25:50.055014,select,without_index_nonclustered,250000,,200,1,2460.163000,12.300815,,200,
808,2026-05-03 23:25:52.645132,select,without_index_nonclustered,250000,,200,2,2589.942000,12.949710,,200,
809,2026-05-03 23:25:55.215429,select,without_index_nonclustered,250000,,200,3,2570.193000,12.850965,,200,
810,2026-05-03 23:25:58.221195,select,without_index_nonclustered,250000,,200,4,3005.649000,15.028245,,200,
811,2026-05-03 23:26:00.971555,select,without_index_nonclustered,250000,,200,5,2750.267000,13.751335,,200,
812,2026-05-03 23:26:03.588187,select,without_index_nonclustered,250000,,200,6,2616.416000,13.082080,,200,
875,2026-05-03 23:26:40.580964,select,btree_index_nonclustered,500000,,200,1,24.127000,0.120635,,200,
876,2026-05-03 23:26:40.602673,select,btree_index_nonclustered,500000,,200,2,21.592000,0.107960,,200,
877,2026-05-03 23:26:40.623188,select,btree_index_nonclustered,500000,,200,3,20.460000,0.102300,,200,
878,2026-05-03 23:26:40.645342,select,btree_index_nonclustered,500000,,200,4,21.962000,0.109810,,200,
879,2026-05-03 23:26:40.66675,select,btree_index_nonclustered,500000,,200,5,21.342000,0.106710,,200,
880,2026-05-03 23:26:40.685758,select,btree_index_nonclustered,500000,,200,6,18.953000,0.094765,,200,
869,2026-05-03 23:26:22.034492,select,without_index_nonclustered,500000,,200,1,3446.887000,17.234435,,200,
870,2026-05-03 23:26:25.71747,select,without_index_nonclustered,500000,,200,2,3682.709000,18.413545,,200,
871,2026-05-03 23:26:29.194423,select,without_index_nonclustered,500000,,200,3,3476.865000,17.384325,,200,
872,2026-05-03 23:26:32.906251,select,without_index_nonclustered,500000,,200,4,3711.733000,18.558665,,200,
873,2026-05-03 23:26:36.451675,select,without_index_nonclustered,500000,,200,5,3545.323000,17.726615,,200,
874,2026-05-03 23:26:40.162667,select,without_index_nonclustered,500000,,200,6,3710.900000,18.554500,,200,
53,2026-05-03 23:24:32.096966,update,expression_index,10,10,,1,1.226000,0.122600,10,,10
54,2026-05-03 23:24:32.098814,update,expression_index,10,10,,2,0.134000,0.013400,10,,10
55,2026-05-03 23:24:32.099055,update,expression_index,10,10,,3,0.118000,0.011800,10,,10
56,2026-05-03 23:24:32.099266,update,expression_index,10,10,,4,0.114000,0.011400,10,,10
57,2026-05-03 23:24:32.099471,update,expression_index,10,10,,5,0.203000,0.020300,10,,10
58,2026-05-03 23:24:32.369013,update,function_index,10,10,,1,1.349000,0.134900,10,,10
59,2026-05-03 23:24:32.371062,update,function_index,10,10,,2,0.211000,0.021100,10,,10
60,2026-05-03 23:24:32.371452,update,function_index,10,10,,3,0.135000,0.013500,10,,10
61,2026-05-03 23:24:32.371708,update,function_index,10,10,,4,0.141000,0.014100,10,,10
62,2026-05-03 23:24:32.371954,update,function_index,10,10,,5,0.123000,0.012300,10,,10
38,2026-05-03 23:24:31.219304,update,no_extra_index,10,10,,1,1.911000,0.191100,10,,10
39,2026-05-03 23:24:31.222047,update,no_extra_index,10,10,,2,0.110000,0.011000,10,,10
40,2026-05-03 23:24:31.222261,update,no_extra_index,10,10,,3,0.103000,0.010300,10,,10
41,2026-05-03 23:24:31.222451,update,no_extra_index,10,10,,4,0.100000,0.010000,10,,10
42,2026-05-03 23:24:31.222633,update,no_extra_index,10,10,,5,0.097000,0.009700,10,,10
43,2026-05-03 23:24:31.543563,update,simple_btree,10,10,,1,2.069000,0.206900,10,,10
44,2026-05-03 23:24:31.546571,update,simple_btree,10,10,,2,0.238000,0.023800,10,,10
45,2026-05-03 23:24:31.546995,update,simple_btree,10,10,,3,0.222000,0.022200,10,,10
46,2026-05-03 23:24:31.547374,update,simple_btree,10,10,,4,0.187000,0.018700,10,,10
47,2026-05-03 23:24:31.547701,update,simple_btree,10,10,,5,0.629000,0.062900,10,,10
48,2026-05-03 23:24:31.81921,update,unique_btree,10,10,,1,1.128000,0.112800,10,,10
49,2026-05-03 23:24:31.820896,update,unique_btree,10,10,,2,0.154000,0.015400,10,,10
50,2026-05-03 23:24:31.821211,update,unique_btree,10,10,,3,0.136000,0.013600,10,,10
51,2026-05-03 23:24:31.821451,update,unique_btree,10,10,,4,0.118000,0.011800,10,,10
52,2026-05-03 23:24:31.821661,update,unique_btree,10,10,,5,0.115000,0.011500,10,,10
115,2026-05-03 23:24:35.499536,update,expression_index,25,25,,1,1.335000,0.053400,25,,25
116,2026-05-03 23:24:35.501577,update,expression_index,25,25,,2,0.293000,0.011720,25,,25
117,2026-05-03 23:24:35.502006,update,expression_index,25,25,,3,0.430000,0.017200,25,,25
118,2026-05-03 23:24:35.502588,update,expression_index,25,25,,4,0.652000,0.026080,25,,25
119,2026-05-03 23:24:35.503369,update,expression_index,25,25,,5,0.242000,0.009680,25,,25
120,2026-05-03 23:24:35.814579,update,function_index,25,25,,1,2.197000,0.087880,25,,25
121,2026-05-03 23:24:35.817635,update,function_index,25,25,,2,0.259000,0.010360,25,,25
122,2026-05-03 23:24:35.818039,update,function_index,25,25,,3,0.512000,0.020480,25,,25
123,2026-05-03 23:24:35.818707,update,function_index,25,25,,4,0.808000,0.032320,25,,25
124,2026-05-03 23:24:35.819711,update,function_index,25,25,,5,0.461000,0.018440,25,,25
100,2026-05-03 23:24:34.590784,update,no_extra_index,25,25,,1,1.641000,0.065640,25,,25
101,2026-05-03 23:24:34.59331,update,no_extra_index,25,25,,2,0.309000,0.012360,25,,25
102,2026-05-03 23:24:34.593765,update,no_extra_index,25,25,,3,0.275000,0.011000,25,,25
103,2026-05-03 23:24:34.594193,update,no_extra_index,25,25,,4,0.764000,0.030560,25,,25
104,2026-05-03 23:24:34.595108,update,no_extra_index,25,25,,5,0.234000,0.009360,25,,25
105,2026-05-03 23:24:34.878215,update,simple_btree,25,25,,1,2.068000,0.082720,25,,25
106,2026-05-03 23:24:34.880985,update,simple_btree,25,25,,2,0.667000,0.026680,25,,25
107,2026-05-03 23:24:34.881808,update,simple_btree,25,25,,3,0.242000,0.009680,25,,25
108,2026-05-03 23:24:34.882162,update,simple_btree,25,25,,4,0.575000,0.023000,25,,25
109,2026-05-03 23:24:34.882853,update,simple_btree,25,25,,5,0.406000,0.016240,25,,25
110,2026-05-03 23:24:35.181216,update,unique_btree,25,25,,1,1.944000,0.077760,25,,25
111,2026-05-03 23:24:35.18421,update,unique_btree,25,25,,2,0.545000,0.021800,25,,25
112,2026-05-03 23:24:35.184969,update,unique_btree,25,25,,3,0.539000,0.021560,25,,25
113,2026-05-03 23:24:35.185698,update,unique_btree,25,25,,4,1.012000,0.040480,25,,25
114,2026-05-03 23:24:35.186887,update,unique_btree,25,25,,5,0.423000,0.016920,25,,25
177,2026-05-03 23:24:38.938048,update,expression_index,50,50,,1,1.647000,0.032940,50,,50
178,2026-05-03 23:24:38.940551,update,expression_index,50,50,,2,0.477000,0.009540,50,,50
179,2026-05-03 23:24:38.941201,update,expression_index,50,50,,3,0.495000,0.009900,50,,50
180,2026-05-03 23:24:38.941864,update,expression_index,50,50,,4,0.509000,0.010180,50,,50
181,2026-05-03 23:24:38.942536,update,expression_index,50,50,,5,0.657000,0.013140,50,,50
182,2026-05-03 23:24:39.228703,update,function_index,50,50,,1,1.826000,0.036520,50,,50
183,2026-05-03 23:24:39.231241,update,function_index,50,50,,2,0.460000,0.009200,50,,50
184,2026-05-03 23:24:39.231891,update,function_index,50,50,,3,0.603000,0.012060,50,,50
185,2026-05-03 23:24:39.232679,update,function_index,50,50,,4,0.442000,0.008840,50,,50
186,2026-05-03 23:24:39.233317,update,function_index,50,50,,5,0.581000,0.011620,50,,50
162,2026-05-03 23:24:37.991438,update,no_extra_index,50,50,,1,1.757000,0.035140,50,,50
163,2026-05-03 23:24:37.993921,update,no_extra_index,50,50,,2,0.580000,0.011600,50,,50
164,2026-05-03 23:24:37.994663,update,no_extra_index,50,50,,3,0.462000,0.009240,50,,50
165,2026-05-03 23:24:37.995268,update,no_extra_index,50,50,,4,0.568000,0.011360,50,,50
166,2026-05-03 23:24:37.995992,update,no_extra_index,50,50,,5,0.751000,0.015020,50,,50
167,2026-05-03 23:24:38.294435,update,simple_btree,50,50,,1,3.150000,0.063000,50,,50
168,2026-05-03 23:24:38.298625,update,simple_btree,50,50,,2,0.804000,0.016080,50,,50
169,2026-05-03 23:24:38.299696,update,simple_btree,50,50,,3,1.071000,0.021420,50,,50
170,2026-05-03 23:24:38.301032,update,simple_btree,50,50,,4,0.969000,0.019380,50,,50
171,2026-05-03 23:24:38.302309,update,simple_btree,50,50,,5,1.179000,0.023580,50,,50
172,2026-05-03 23:24:38.62781,update,unique_btree,50,50,,1,2.051000,0.041020,50,,50
173,2026-05-03 23:24:38.630671,update,unique_btree,50,50,,2,0.573000,0.011460,50,,50
174,2026-05-03 23:24:38.631415,update,unique_btree,50,50,,3,0.611000,0.012220,50,,50
175,2026-05-03 23:24:38.632319,update,unique_btree,50,50,,4,0.814000,0.016280,50,,50
176,2026-05-03 23:24:38.633308,update,unique_btree,50,50,,5,0.532000,0.010640,50,,50
239,2026-05-03 23:24:42.625193,update,expression_index,100,100,,1,3.408000,0.034080,100,,100
240,2026-05-03 23:24:42.629544,update,expression_index,100,100,,2,1.116000,0.011160,100,,100
241,2026-05-03 23:24:42.630942,update,expression_index,100,100,,3,0.958000,0.009580,100,,100
242,2026-05-03 23:24:42.632169,update,expression_index,100,100,,4,1.083000,0.010830,100,,100
243,2026-05-03 23:24:42.633504,update,expression_index,100,100,,5,1.449000,0.014490,100,,100
244,2026-05-03 23:24:42.969873,update,function_index,100,100,,1,3.393000,0.033930,100,,100
245,2026-05-03 23:24:42.974635,update,function_index,100,100,,2,1.877000,0.018770,100,,100
246,2026-05-03 23:24:42.97709,update,function_index,100,100,,3,1.759000,0.017590,100,,100
247,2026-05-03 23:24:42.979383,update,function_index,100,100,,4,3.274000,0.032740,100,,100
248,2026-05-03 23:24:42.983525,update,function_index,100,100,,5,2.280000,0.022800,100,,100
224,2026-05-03 23:24:41.648859,update,no_extra_index,100,100,,1,2.244000,0.022440,100,,100
225,2026-05-03 23:24:41.652214,update,no_extra_index,100,100,,2,1.664000,0.016640,100,,100
226,2026-05-03 23:24:41.654243,update,no_extra_index,100,100,,3,1.805000,0.018050,100,,100
227,2026-05-03 23:24:41.656378,update,no_extra_index,100,100,,4,1.834000,0.018340,100,,100
228,2026-05-03 23:24:41.658576,update,no_extra_index,100,100,,5,1.658000,0.016580,100,,100
229,2026-05-03 23:24:41.976935,update,simple_btree,100,100,,1,2.729000,0.027290,100,,100
230,2026-05-03 23:24:41.980714,update,simple_btree,100,100,,2,1.437000,0.014370,100,,100
231,2026-05-03 23:24:41.982496,update,simple_btree,100,100,,3,1.459000,0.014590,100,,100
232,2026-05-03 23:24:41.984339,update,simple_btree,100,100,,4,1.651000,0.016510,100,,100
233,2026-05-03 23:24:41.986259,update,simple_btree,100,100,,5,1.308000,0.013080,100,,100
234,2026-05-03 23:24:42.284968,update,unique_btree,100,100,,1,2.052000,0.020520,100,,100
235,2026-05-03 23:24:42.287777,update,unique_btree,100,100,,2,1.025000,0.010250,100,,100
236,2026-05-03 23:24:42.289082,update,unique_btree,100,100,,3,1.251000,0.012510,100,,100
237,2026-05-03 23:24:42.290605,update,unique_btree,100,100,,4,1.640000,0.016400,100,,100
238,2026-05-03 23:24:42.292569,update,unique_btree,100,100,,5,1.697000,0.016970,100,,100
301,2026-05-03 23:24:46.432401,update,expression_index,250,250,,1,5.341000,0.021364,250,,250
302,2026-05-03 23:24:46.439178,update,expression_index,250,250,,2,3.626000,0.014504,250,,250
303,2026-05-03 23:24:46.443627,update,expression_index,250,250,,3,3.851000,0.015404,250,,250
304,2026-05-03 23:24:46.448043,update,expression_index,250,250,,4,4.582000,0.018328,250,,250
305,2026-05-03 23:24:46.45318,update,expression_index,250,250,,5,4.621000,0.018484,250,,250
306,2026-05-03 23:24:46.786099,update,function_index,250,250,,1,6.016000,0.024064,250,,250
307,2026-05-03 23:24:46.793566,update,function_index,250,250,,2,3.313000,0.013252,250,,250
308,2026-05-03 23:24:46.797474,update,function_index,250,250,,3,4.234000,0.016936,250,,250
309,2026-05-03 23:24:46.802637,update,function_index,250,250,,4,3.646000,0.014584,250,,250
310,2026-05-03 23:24:46.807154,update,function_index,250,250,,5,3.372000,0.013488,250,,250
286,2026-05-03 23:24:45.429344,update,no_extra_index,250,250,,1,3.571000,0.014284,250,,250
287,2026-05-03 23:24:45.433734,update,no_extra_index,250,250,,2,2.324000,0.009296,250,,250
288,2026-05-03 23:24:45.436416,update,no_extra_index,250,250,,3,2.619000,0.010476,250,,250
289,2026-05-03 23:24:45.439376,update,no_extra_index,250,250,,4,4.412000,0.017648,250,,250
290,2026-05-03 23:24:45.444422,update,no_extra_index,250,250,,5,4.274000,0.017096,250,,250
291,2026-05-03 23:24:45.77928,update,simple_btree,250,250,,1,4.257000,0.017028,250,,250
292,2026-05-03 23:24:45.784616,update,simple_btree,250,250,,2,2.899000,0.011596,250,,250
293,2026-05-03 23:24:45.78791,update,simple_btree,250,250,,3,4.415000,0.017660,250,,250
294,2026-05-03 23:24:45.79296,update,simple_btree,250,250,,4,4.475000,0.017900,250,,250
295,2026-05-03 23:24:45.798026,update,simple_btree,250,250,,5,2.804000,0.011216,250,,250
296,2026-05-03 23:24:46.111684,update,unique_btree,250,250,,1,3.901000,0.015604,250,,250
297,2026-05-03 23:24:46.116691,update,unique_btree,250,250,,2,2.445000,0.009780,250,,250
298,2026-05-03 23:24:46.119574,update,unique_btree,250,250,,3,2.934000,0.011736,250,,250
299,2026-05-03 23:24:46.123055,update,unique_btree,250,250,,4,4.360000,0.017440,250,,250
300,2026-05-03 23:24:46.127936,update,unique_btree,250,250,,5,2.892000,0.011568,250,,250
363,2026-05-03 23:24:50.214203,update,expression_index,500,500,,1,7.197000,0.014394,500,,500
364,2026-05-03 23:24:50.222982,update,expression_index,500,500,,2,6.540000,0.013080,500,,500
365,2026-05-03 23:24:50.231245,update,expression_index,500,500,,3,28.071000,0.056142,500,,500
366,2026-05-03 23:24:50.260584,update,expression_index,500,500,,4,7.496000,0.014992,500,,500
367,2026-05-03 23:24:50.269884,update,expression_index,500,500,,5,8.809000,0.017618,500,,500
368,2026-05-03 23:24:50.593519,update,function_index,500,500,,1,18.080000,0.036160,500,,500
369,2026-05-03 23:24:50.614441,update,function_index,500,500,,2,10.025000,0.020050,500,,500
370,2026-05-03 23:24:50.62651,update,function_index,500,500,,3,22.603000,0.045206,500,,500
371,2026-05-03 23:24:50.650311,update,function_index,500,500,,4,6.118000,0.012236,500,,500
372,2026-05-03 23:24:50.657532,update,function_index,500,500,,5,6.172000,0.012344,500,,500
348,2026-05-03 23:24:49.142729,update,no_extra_index,500,500,,1,8.214000,0.016428,500,,500
349,2026-05-03 23:24:49.152372,update,no_extra_index,500,500,,2,5.513000,0.011026,500,,500
350,2026-05-03 23:24:49.158548,update,no_extra_index,500,500,,3,10.078000,0.020156,500,,500
351,2026-05-03 23:24:49.169359,update,no_extra_index,500,500,,4,5.332000,0.010664,500,,500
352,2026-05-03 23:24:49.175504,update,no_extra_index,500,500,,5,6.215000,0.012430,500,,500
353,2026-05-03 23:24:49.481585,update,simple_btree,500,500,,1,6.706000,0.013412,500,,500
354,2026-05-03 23:24:49.489639,update,simple_btree,500,500,,2,5.591000,0.011182,500,,500
355,2026-05-03 23:24:49.496032,update,simple_btree,500,500,,3,21.555000,0.043110,500,,500
356,2026-05-03 23:24:49.5185,update,simple_btree,500,500,,4,6.474000,0.012948,500,,500
357,2026-05-03 23:24:49.525756,update,simple_btree,500,500,,5,6.643000,0.013286,500,,500
358,2026-05-03 23:24:49.851399,update,unique_btree,500,500,,1,7.352000,0.014704,500,,500
359,2026-05-03 23:24:49.860667,update,unique_btree,500,500,,2,7.634000,0.015268,500,,500
360,2026-05-03 23:24:49.869276,update,unique_btree,500,500,,3,20.998000,0.041996,500,,500
361,2026-05-03 23:24:49.891556,update,unique_btree,500,500,,4,9.387000,0.018774,500,,500
362,2026-05-03 23:24:49.902283,update,unique_btree,500,500,,5,10.028000,0.020056,500,,500
425,2026-05-03 23:24:54.105449,update,expression_index,1000,1000,,1,18.144000,0.018144,1000,,1000
426,2026-05-03 23:24:54.126987,update,expression_index,1000,1000,,2,11.585000,0.011585,1000,,1000
427,2026-05-03 23:24:54.140998,update,expression_index,1000,1000,,3,19.888000,0.019888,1000,,1000
428,2026-05-03 23:24:54.163001,update,expression_index,1000,1000,,4,13.016000,0.013016,1000,,1000
429,2026-05-03 23:24:54.179085,update,expression_index,1000,1000,,5,15.679000,0.015679,1000,,1000
430,2026-05-03 23:24:54.514982,update,function_index,1000,1000,,1,17.462000,0.017462,1000,,1000
431,2026-05-03 23:24:54.537022,update,function_index,1000,1000,,2,15.836000,0.015836,1000,,1000
432,2026-05-03 23:24:54.55487,update,function_index,1000,1000,,3,19.344000,0.019344,1000,,1000
433,2026-05-03 23:24:54.576279,update,function_index,1000,1000,,4,19.190000,0.019190,1000,,1000
434,2026-05-03 23:24:54.597713,update,function_index,1000,1000,,5,11.892000,0.011892,1000,,1000
410,2026-05-03 23:24:52.982001,update,no_extra_index,1000,1000,,1,10.359000,0.010359,1000,,1000
411,2026-05-03 23:24:52.994338,update,no_extra_index,1000,1000,,2,10.255000,0.010255,1000,,1000
412,2026-05-03 23:24:53.005854,update,no_extra_index,1000,1000,,3,19.378000,0.019378,1000,,1000
413,2026-05-03 23:24:53.026762,update,no_extra_index,1000,1000,,4,11.471000,0.011471,1000,,1000
414,2026-05-03 23:24:53.039539,update,no_extra_index,1000,1000,,5,10.375000,0.010375,1000,,1000
415,2026-05-03 23:24:53.343908,update,simple_btree,1000,1000,,1,13.690000,0.013690,1000,,1000
416,2026-05-03 23:24:53.359909,update,simple_btree,1000,1000,,2,13.921000,0.013921,1000,,1000
417,2026-05-03 23:24:53.375397,update,simple_btree,1000,1000,,3,22.312000,0.022312,1000,,1000
418,2026-05-03 23:24:53.399215,update,simple_btree,1000,1000,,4,12.061000,0.012061,1000,,1000
419,2026-05-03 23:24:53.412816,update,simple_btree,1000,1000,,5,10.348000,0.010348,1000,,1000
420,2026-05-03 23:24:53.742427,update,unique_btree,1000,1000,,1,11.751000,0.011751,1000,,1000
421,2026-05-03 23:24:53.75656,update,unique_btree,1000,1000,,2,11.874000,0.011874,1000,,1000
422,2026-05-03 23:24:53.770172,update,unique_btree,1000,1000,,3,20.151000,0.020151,1000,,1000
423,2026-05-03 23:24:53.792613,update,unique_btree,1000,1000,,4,12.530000,0.012530,1000,,1000
424,2026-05-03 23:24:53.808447,update,unique_btree,1000,1000,,5,17.042000,0.017042,1000,,1000
487,2026-05-03 23:24:58.676381,update,expression_index,2500,1000,,1,19.949000,0.019949,1000,,1000
488,2026-05-03 23:24:58.701998,update,expression_index,2500,1000,,2,31.901000,0.031901,1000,,1000
489,2026-05-03 23:24:58.742397,update,expression_index,2500,1000,,3,29.730000,0.029730,1000,,1000
490,2026-05-03 23:24:58.778184,update,expression_index,2500,1000,,4,24.316000,0.024316,1000,,1000
491,2026-05-03 23:24:58.806512,update,expression_index,2500,1000,,5,26.519000,0.026519,1000,,1000
492,2026-05-03 23:24:59.218902,update,function_index,2500,1000,,1,18.668000,0.018668,1000,,1000
493,2026-05-03 23:24:59.241854,update,function_index,2500,1000,,2,14.085000,0.014085,1000,,1000
494,2026-05-03 23:24:59.259362,update,function_index,2500,1000,,3,15.514000,0.015514,1000,,1000
495,2026-05-03 23:24:59.278452,update,function_index,2500,1000,,4,16.613000,0.016613,1000,,1000
496,2026-05-03 23:24:59.298817,update,function_index,2500,1000,,5,25.567000,0.025567,1000,,1000
472,2026-05-03 23:24:57.266092,update,no_extra_index,2500,1000,,1,13.386000,0.013386,1000,,1000
473,2026-05-03 23:24:57.282673,update,no_extra_index,2500,1000,,2,11.528000,0.011528,1000,,1000
474,2026-05-03 23:24:57.296813,update,no_extra_index,2500,1000,,3,18.918000,0.018918,1000,,1000
475,2026-05-03 23:24:57.319541,update,no_extra_index,2500,1000,,4,16.788000,0.016788,1000,,1000
476,2026-05-03 23:24:57.340647,update,no_extra_index,2500,1000,,5,25.767000,0.025767,1000,,1000
477,2026-05-03 23:24:57.730513,update,simple_btree,2500,1000,,1,15.107000,0.015107,1000,,1000
478,2026-05-03 23:24:57.749489,update,simple_btree,2500,1000,,2,13.163000,0.013163,1000,,1000
479,2026-05-03 23:24:57.765208,update,simple_btree,2500,1000,,3,12.984000,0.012984,1000,,1000
480,2026-05-03 23:24:57.781153,update,simple_btree,2500,1000,,4,13.980000,0.013980,1000,,1000
481,2026-05-03 23:24:57.799432,update,simple_btree,2500,1000,,5,27.119000,0.027119,1000,,1000
482,2026-05-03 23:24:58.168376,update,unique_btree,2500,1000,,1,19.431000,0.019431,1000,,1000
483,2026-05-03 23:24:58.191645,update,unique_btree,2500,1000,,2,14.500000,0.014500,1000,,1000
484,2026-05-03 23:24:58.209823,update,unique_btree,2500,1000,,3,18.215000,0.018215,1000,,1000
485,2026-05-03 23:24:58.231255,update,unique_btree,2500,1000,,4,17.976000,0.017976,1000,,1000
486,2026-05-03 23:24:58.252493,update,unique_btree,2500,1000,,5,24.506000,0.024506,1000,,1000
549,2026-05-03 23:25:03.789868,update,expression_index,5000,1000,,1,14.387000,0.014387,1000,,1000
550,2026-05-03 23:25:03.810223,update,expression_index,5000,1000,,2,15.570000,0.015570,1000,,1000
551,2026-05-03 23:25:03.831015,update,expression_index,5000,1000,,3,14.375000,0.014375,1000,,1000
552,2026-05-03 23:25:03.849529,update,expression_index,5000,1000,,4,14.599000,0.014599,1000,,1000
553,2026-05-03 23:25:03.868689,update,expression_index,5000,1000,,5,12.520000,0.012520,1000,,1000
554,2026-05-03 23:25:04.224396,update,function_index,5000,1000,,1,13.448000,0.013448,1000,,1000
555,2026-05-03 23:25:04.243368,update,function_index,5000,1000,,2,11.043000,0.011043,1000,,1000
556,2026-05-03 23:25:04.258189,update,function_index,5000,1000,,3,11.632000,0.011632,1000,,1000
557,2026-05-03 23:25:04.273448,update,function_index,5000,1000,,4,12.089000,0.012089,1000,,1000
558,2026-05-03 23:25:04.289208,update,function_index,5000,1000,,5,12.477000,0.012477,1000,,1000
534,2026-05-03 23:25:02.387431,update,no_extra_index,5000,1000,,1,13.068000,0.013068,1000,,1000
535,2026-05-03 23:25:02.404799,update,no_extra_index,5000,1000,,2,9.786000,0.009786,1000,,1000
536,2026-05-03 23:25:02.417932,update,no_extra_index,5000,1000,,3,10.986000,0.010986,1000,,1000
537,2026-05-03 23:25:02.43225,update,no_extra_index,5000,1000,,4,11.953000,0.011953,1000,,1000
538,2026-05-03 23:25:02.447774,update,no_extra_index,5000,1000,,5,13.195000,0.013195,1000,,1000
539,2026-05-03 23:25:02.83197,update,simple_btree,5000,1000,,1,12.572000,0.012572,1000,,1000
540,2026-05-03 23:25:02.849022,update,simple_btree,5000,1000,,2,11.029000,0.011029,1000,,1000
541,2026-05-03 23:25:02.863748,update,simple_btree,5000,1000,,3,12.034000,0.012034,1000,,1000
542,2026-05-03 23:25:02.879484,update,simple_btree,5000,1000,,4,11.906000,0.011906,1000,,1000
543,2026-05-03 23:25:02.895021,update,simple_btree,5000,1000,,5,14.917000,0.014917,1000,,1000
544,2026-05-03 23:25:03.293665,update,unique_btree,5000,1000,,1,13.596000,0.013596,1000,,1000
545,2026-05-03 23:25:03.311939,update,unique_btree,5000,1000,,2,18.615000,0.018615,1000,,1000
546,2026-05-03 23:25:03.334875,update,unique_btree,5000,1000,,3,13.205000,0.013205,1000,,1000
547,2026-05-03 23:25:03.351813,update,unique_btree,5000,1000,,4,14.087000,0.014087,1000,,1000
548,2026-05-03 23:25:03.3709,update,unique_btree,5000,1000,,5,26.427000,0.026427,1000,,1000
611,2026-05-03 23:25:09.30825,update,expression_index,10000,1000,,1,13.745000,0.013745,1000,,1000
612,2026-05-03 23:25:09.328317,update,expression_index,10000,1000,,2,13.272000,0.013272,1000,,1000
613,2026-05-03 23:25:09.346669,update,expression_index,10000,1000,,3,13.620000,0.013620,1000,,1000
614,2026-05-03 23:25:09.365118,update,expression_index,10000,1000,,4,12.664000,0.012664,1000,,1000
615,2026-05-03 23:25:09.384991,update,expression_index,10000,1000,,5,15.208000,0.015208,1000,,1000
616,2026-05-03 23:25:09.797404,update,function_index,10000,1000,,1,13.867000,0.013867,1000,,1000
617,2026-05-03 23:25:09.818551,update,function_index,10000,1000,,2,14.009000,0.014009,1000,,1000
618,2026-05-03 23:25:09.837397,update,function_index,10000,1000,,3,27.870000,0.027870,1000,,1000
619,2026-05-03 23:25:09.874693,update,function_index,10000,1000,,4,27.002000,0.027002,1000,,1000
620,2026-05-03 23:25:09.910518,update,function_index,10000,1000,,5,17.812000,0.017812,1000,,1000
596,2026-05-03 23:25:07.713026,update,no_extra_index,10000,1000,,1,23.077000,0.023077,1000,,1000
597,2026-05-03 23:25:07.744908,update,no_extra_index,10000,1000,,2,20.091000,0.020091,1000,,1000
598,2026-05-03 23:25:07.773675,update,no_extra_index,10000,1000,,3,17.890000,0.017890,1000,,1000
599,2026-05-03 23:25:07.795919,update,no_extra_index,10000,1000,,4,21.190000,0.021190,1000,,1000
600,2026-05-03 23:25:07.825057,update,no_extra_index,10000,1000,,5,27.677000,0.027677,1000,,1000
601,2026-05-03 23:25:08.282102,update,simple_btree,10000,1000,,1,12.942000,0.012942,1000,,1000
602,2026-05-03 23:25:08.301175,update,simple_btree,10000,1000,,2,21.140000,0.021140,1000,,1000
603,2026-05-03 23:25:08.329613,update,simple_btree,10000,1000,,3,15.127000,0.015127,1000,,1000
604,2026-05-03 23:25:08.349295,update,simple_btree,10000,1000,,4,13.086000,0.013086,1000,,1000
605,2026-05-03 23:25:08.367442,update,simple_btree,10000,1000,,5,25.183000,0.025183,1000,,1000
606,2026-05-03 23:25:08.807473,update,unique_btree,10000,1000,,1,12.680000,0.012680,1000,,1000
607,2026-05-03 23:25:08.828267,update,unique_btree,10000,1000,,2,28.841000,0.028841,1000,,1000
608,2026-05-03 23:25:08.865025,update,unique_btree,10000,1000,,3,18.628000,0.018628,1000,,1000
609,2026-05-03 23:25:08.890386,update,unique_btree,10000,1000,,4,12.935000,0.012935,1000,,1000
610,2026-05-03 23:25:08.910345,update,unique_btree,10000,1000,,5,20.753000,0.020753,1000,,1000
673,2026-05-03 23:25:17.246335,update,expression_index,25000,1000,,1,17.999000,0.017999,1000,,1000
674,2026-05-03 23:25:17.272942,update,expression_index,25000,1000,,2,12.532000,0.012532,1000,,1000
675,2026-05-03 23:25:17.290922,update,expression_index,25000,1000,,3,10.991000,0.010991,1000,,1000
676,2026-05-03 23:25:17.307458,update,expression_index,25000,1000,,4,11.707000,0.011707,1000,,1000
677,2026-05-03 23:25:17.324968,update,expression_index,25000,1000,,5,13.073000,0.013073,1000,,1000
678,2026-05-03 23:25:17.901888,update,function_index,25000,1000,,1,13.006000,0.013006,1000,,1000
679,2026-05-03 23:25:17.923404,update,function_index,25000,1000,,2,14.141000,0.014141,1000,,1000
680,2026-05-03 23:25:17.94455,update,function_index,25000,1000,,3,17.234000,0.017234,1000,,1000
681,2026-05-03 23:25:17.979499,update,function_index,25000,1000,,4,17.368000,0.017368,1000,,1000
682,2026-05-03 23:25:18.007588,update,function_index,25000,1000,,5,16.502000,0.016502,1000,,1000
658,2026-05-03 23:25:15.341521,update,no_extra_index,25000,1000,,1,13.701000,0.013701,1000,,1000
659,2026-05-03 23:25:15.362214,update,no_extra_index,25000,1000,,2,10.818000,0.010818,1000,,1000
660,2026-05-03 23:25:15.378348,update,no_extra_index,25000,1000,,3,10.629000,0.010629,1000,,1000
661,2026-05-03 23:25:15.396297,update,no_extra_index,25000,1000,,4,18.234000,0.018234,1000,,1000
662,2026-05-03 23:25:15.420751,update,no_extra_index,25000,1000,,5,12.727000,0.012727,1000,,1000
663,2026-05-03 23:25:15.980649,update,simple_btree,25000,1000,,1,17.828000,0.017828,1000,,1000
664,2026-05-03 23:25:16.005305,update,simple_btree,25000,1000,,2,12.426000,0.012426,1000,,1000
665,2026-05-03 23:25:16.024127,update,simple_btree,25000,1000,,3,13.126000,0.013126,1000,,1000
666,2026-05-03 23:25:16.043406,update,simple_btree,25000,1000,,4,11.758000,0.011758,1000,,1000
667,2026-05-03 23:25:16.060382,update,simple_btree,25000,1000,,5,15.195000,0.015195,1000,,1000
668,2026-05-03 23:25:16.617476,update,unique_btree,25000,1000,,1,13.307000,0.013307,1000,,1000
669,2026-05-03 23:25:16.640421,update,unique_btree,25000,1000,,2,10.594000,0.010594,1000,,1000
670,2026-05-03 23:25:16.656516,update,unique_btree,25000,1000,,3,11.793000,0.011793,1000,,1000
671,2026-05-03 23:25:16.67441,update,unique_btree,25000,1000,,4,12.423000,0.012423,1000,,1000
672,2026-05-03 23:25:16.69317,update,unique_btree,25000,1000,,5,11.613000,0.011613,1000,,1000
735,2026-05-03 23:25:28.168363,update,expression_index,50000,1000,,1,16.220000,0.016220,1000,,1000
736,2026-05-03 23:25:28.194986,update,expression_index,50000,1000,,2,11.707000,0.011707,1000,,1000
737,2026-05-03 23:25:28.213822,update,expression_index,50000,1000,,3,17.456000,0.017456,1000,,1000
738,2026-05-03 23:25:28.23868,update,expression_index,50000,1000,,4,12.932000,0.012932,1000,,1000
739,2026-05-03 23:25:28.259901,update,expression_index,50000,1000,,5,12.321000,0.012321,1000,,1000
740,2026-05-03 23:25:29.08674,update,function_index,50000,1000,,1,37.068000,0.037068,1000,,1000
741,2026-05-03 23:25:29.144465,update,function_index,50000,1000,,2,18.283000,0.018283,1000,,1000
742,2026-05-03 23:25:29.175786,update,function_index,50000,1000,,3,30.594000,0.030594,1000,,1000
743,2026-05-03 23:25:29.214362,update,function_index,50000,1000,,4,15.540000,0.015540,1000,,1000
744,2026-05-03 23:25:29.238557,update,function_index,50000,1000,,5,14.801000,0.014801,1000,,1000
720,2026-05-03 23:25:25.618561,update,no_extra_index,50000,1000,,1,13.814000,0.013814,1000,,1000
721,2026-05-03 23:25:25.639893,update,no_extra_index,50000,1000,,2,10.744000,0.010744,1000,,1000
722,2026-05-03 23:25:25.656755,update,no_extra_index,50000,1000,,3,13.990000,0.013990,1000,,1000
723,2026-05-03 23:25:25.678287,update,no_extra_index,50000,1000,,4,14.998000,0.014998,1000,,1000
724,2026-05-03 23:25:25.701797,update,no_extra_index,50000,1000,,5,17.139000,0.017139,1000,,1000
725,2026-05-03 23:25:26.423544,update,simple_btree,50000,1000,,1,13.459000,0.013459,1000,,1000
726,2026-05-03 23:25:26.445114,update,simple_btree,50000,1000,,2,14.595000,0.014595,1000,,1000
727,2026-05-03 23:25:26.466178,update,simple_btree,50000,1000,,3,14.601000,0.014601,1000,,1000
728,2026-05-03 23:25:26.488137,update,simple_btree,50000,1000,,4,11.072000,0.011072,1000,,1000
729,2026-05-03 23:25:26.505485,update,simple_btree,50000,1000,,5,10.783000,0.010783,1000,,1000
730,2026-05-03 23:25:27.286051,update,unique_btree,50000,1000,,1,19.021000,0.019021,1000,,1000
731,2026-05-03 23:25:27.315557,update,unique_btree,50000,1000,,2,16.490000,0.016490,1000,,1000
732,2026-05-03 23:25:27.341561,update,unique_btree,50000,1000,,3,15.876000,0.015876,1000,,1000
733,2026-05-03 23:25:27.366025,update,unique_btree,50000,1000,,4,14.468000,0.014468,1000,,1000
734,2026-05-03 23:25:27.387154,update,unique_btree,50000,1000,,5,22.470000,0.022470,1000,,1000
797,2026-05-03 23:25:45.42185,update,expression_index,100000,1000,,1,15.799000,0.015799,1000,,1000
798,2026-05-03 23:25:45.448393,update,expression_index,100000,1000,,2,11.420000,0.011420,1000,,1000
799,2026-05-03 23:25:45.468115,update,expression_index,100000,1000,,3,13.753000,0.013753,1000,,1000
800,2026-05-03 23:25:45.49024,update,expression_index,100000,1000,,4,23.550000,0.023550,1000,,1000
801,2026-05-03 23:25:45.522083,update,expression_index,100000,1000,,5,15.196000,0.015196,1000,,1000
802,2026-05-03 23:25:46.499036,update,function_index,100000,1000,,1,12.706000,0.012706,1000,,1000
803,2026-05-03 23:25:46.521818,update,function_index,100000,1000,,2,12.669000,0.012669,1000,,1000
804,2026-05-03 23:25:46.543313,update,function_index,100000,1000,,3,11.591000,0.011591,1000,,1000
805,2026-05-03 23:25:46.563447,update,function_index,100000,1000,,4,11.136000,0.011136,1000,,1000
806,2026-05-03 23:25:46.583843,update,function_index,100000,1000,,5,32.949000,0.032949,1000,,1000
782,2026-05-03 23:25:42.159705,update,no_extra_index,100000,1000,,1,14.372000,0.014372,1000,,1000
783,2026-05-03 23:25:42.18315,update,no_extra_index,100000,1000,,2,9.438000,0.009438,1000,,1000
784,2026-05-03 23:25:42.200289,update,no_extra_index,100000,1000,,3,9.614000,0.009614,1000,,1000
785,2026-05-03 23:25:42.216841,update,no_extra_index,100000,1000,,4,10.872000,0.010872,1000,,1000
786,2026-05-03 23:25:42.23638,update,no_extra_index,100000,1000,,5,14.063000,0.014063,1000,,1000
787,2026-05-03 23:25:43.1433,update,simple_btree,100000,1000,,1,19.261000,0.019261,1000,,1000
788,2026-05-03 23:25:43.174439,update,simple_btree,100000,1000,,2,17.690000,0.017690,1000,,1000
789,2026-05-03 23:25:43.200506,update,simple_btree,100000,1000,,3,11.364000,0.011364,1000,,1000
790,2026-05-03 23:25:43.219546,update,simple_btree,100000,1000,,4,11.134000,0.011134,1000,,1000
791,2026-05-03 23:25:43.239876,update,simple_btree,100000,1000,,5,20.662000,0.020662,1000,,1000
792,2026-05-03 23:25:44.263101,update,unique_btree,100000,1000,,1,16.087000,0.016087,1000,,1000
793,2026-05-03 23:25:44.304165,update,unique_btree,100000,1000,,2,23.896000,0.023896,1000,,1000
794,2026-05-03 23:25:44.337792,update,unique_btree,100000,1000,,3,14.415000,0.014415,1000,,1000
795,2026-05-03 23:25:44.360337,update,unique_btree,100000,1000,,4,10.900000,0.010900,1000,,1000
796,2026-05-03 23:25:44.379151,update,unique_btree,100000,1000,,5,11.050000,0.011050,1000,,1000
859,2026-05-03 23:26:16.061159,update,expression_index,250000,1000,,1,15.991000,0.015991,1000,,1000
860,2026-05-03 23:26:16.088721,update,expression_index,250000,1000,,2,15.375000,0.015375,1000,,1000
861,2026-05-03 23:26:16.112631,update,expression_index,250000,1000,,3,14.065000,0.014065,1000,,1000
862,2026-05-03 23:26:16.134724,update,expression_index,250000,1000,,4,13.820000,0.013820,1000,,1000
863,2026-05-03 23:26:16.15703,update,expression_index,250000,1000,,5,14.720000,0.014720,1000,,1000
864,2026-05-03 23:26:17.339638,update,function_index,250000,1000,,1,16.999000,0.016999,1000,,1000
865,2026-05-03 23:26:17.36684,update,function_index,250000,1000,,2,11.671000,0.011671,1000,,1000
866,2026-05-03 23:26:17.387086,update,function_index,250000,1000,,3,15.883000,0.015883,1000,,1000
867,2026-05-03 23:26:17.411776,update,function_index,250000,1000,,4,13.837000,0.013837,1000,,1000
868,2026-05-03 23:26:17.434229,update,function_index,250000,1000,,5,14.236000,0.014236,1000,,1000
844,2026-05-03 23:26:12.047286,update,no_extra_index,250000,1000,,1,16.739000,0.016739,1000,,1000
845,2026-05-03 23:26:12.074349,update,no_extra_index,250000,1000,,2,16.923000,0.016923,1000,,1000
846,2026-05-03 23:26:12.099528,update,no_extra_index,250000,1000,,3,12.490000,0.012490,1000,,1000
847,2026-05-03 23:26:12.123431,update,no_extra_index,250000,1000,,4,12.904000,0.012904,1000,,1000
848,2026-05-03 23:26:12.146071,update,no_extra_index,250000,1000,,5,12.031000,0.012031,1000,,1000
849,2026-05-03 23:26:13.463715,update,simple_btree,250000,1000,,1,27.894000,0.027894,1000,,1000
850,2026-05-03 23:26:13.503563,update,simple_btree,250000,1000,,2,16.187000,0.016187,1000,,1000
851,2026-05-03 23:26:13.53123,update,simple_btree,250000,1000,,3,25.649000,0.025649,1000,,1000
852,2026-05-03 23:26:13.565397,update,simple_btree,250000,1000,,4,16.093000,0.016093,1000,,1000
853,2026-05-03 23:26:13.590645,update,simple_btree,250000,1000,,5,15.899000,0.015899,1000,,1000
854,2026-05-03 23:26:14.801099,update,unique_btree,250000,1000,,1,14.749000,0.014749,1000,,1000
855,2026-05-03 23:26:14.828374,update,unique_btree,250000,1000,,2,11.863000,0.011863,1000,,1000
856,2026-05-03 23:26:14.849153,update,unique_btree,250000,1000,,3,10.659000,0.010659,1000,,1000
857,2026-05-03 23:26:14.867677,update,unique_btree,250000,1000,,4,12.068000,0.012068,1000,,1000
858,2026-05-03 23:26:14.887725,update,unique_btree,250000,1000,,5,10.470000,0.010470,1000,,1000
921,2026-05-03 23:26:58.206707,update,expression_index,500000,1000,,1,34.291000,0.034291,1000,,1000
922,2026-05-03 23:26:58.25859,update,expression_index,500000,1000,,2,17.933000,0.017933,1000,,1000
923,2026-05-03 23:26:58.291877,update,expression_index,500000,1000,,3,15.292000,0.015292,1000,,1000
924,2026-05-03 23:26:58.3165,update,expression_index,500000,1000,,4,15.556000,0.015556,1000,,1000
925,2026-05-03 23:26:58.344818,update,expression_index,500000,1000,,5,16.927000,0.016927,1000,,1000
926,2026-05-03 23:27:00.063825,update,function_index,500000,1000,,1,25.134000,0.025134,1000,,1000
927,2026-05-03 23:27:00.104826,update,function_index,500000,1000,,2,12.453000,0.012453,1000,,1000
928,2026-05-03 23:27:00.127087,update,function_index,500000,1000,,3,14.950000,0.014950,1000,,1000
929,2026-05-03 23:27:00.151915,update,function_index,500000,1000,,4,18.763000,0.018763,1000,,1000
930,2026-05-03 23:27:00.182511,update,function_index,500000,1000,,5,20.905000,0.020905,1000,,1000
906,2026-05-03 23:26:52.776286,update,no_extra_index,500000,1000,,1,15.497000,0.015497,1000,,1000
907,2026-05-03 23:26:52.80326,update,no_extra_index,500000,1000,,2,13.709000,0.013709,1000,,1000
908,2026-05-03 23:26:52.825486,update,no_extra_index,500000,1000,,3,11.221000,0.011221,1000,,1000
909,2026-05-03 23:26:52.84566,update,no_extra_index,500000,1000,,4,10.375000,0.010375,1000,,1000
910,2026-05-03 23:26:52.87018,update,no_extra_index,500000,1000,,5,18.068000,0.018068,1000,,1000
911,2026-05-03 23:26:54.550373,update,simple_btree,500000,1000,,1,25.994000,0.025994,1000,,1000
912,2026-05-03 23:26:54.587236,update,simple_btree,500000,1000,,2,15.118000,0.015118,1000,,1000
913,2026-05-03 23:26:54.611869,update,simple_btree,500000,1000,,3,15.992000,0.015992,1000,,1000
914,2026-05-03 23:26:54.639702,update,simple_btree,500000,1000,,4,19.025000,0.019025,1000,,1000
915,2026-05-03 23:26:54.669823,update,simple_btree,500000,1000,,5,16.413000,0.016413,1000,,1000
916,2026-05-03 23:26:56.364749,update,unique_btree,500000,1000,,1,20.872000,0.020872,1000,,1000
917,2026-05-03 23:26:56.40038,update,unique_btree,500000,1000,,2,15.003000,0.015003,1000,,1000
918,2026-05-03 23:26:56.425149,update,unique_btree,500000,1000,,3,14.244000,0.014244,1000,,1000
919,2026-05-03 23:26:56.449342,update,unique_btree,500000,1000,,4,22.267000,0.022267,1000,,1000
920,2026-05-03 23:26:56.481691,update,unique_btree,500000,1000,,5,14.427000,0.014427,1000,,1000
