operation_name,index_type,metric,min_rows_for_fit,points_used_for_fit,model_name,priority_rank,formula,coef_0,coef_1,r2,rmse,mape_percent,aicc
insert,expression_index,avg_elapsed_ms_per_operation,50,13,logarithmic,1,y = 0.00474497 + 4.018874e-04·ln(N),0.004744970468684579,0.00040188739779769303,0.14643957433801957,0.002792949124444882,33.78492765893452,-147.6970873966786
insert,expression_index,avg_elapsed_ms_per_operation,50,13,linear,2,y = 0.00713089 + 0.0142751·(N/1e6),0.0071308889805680375,0.014275141097644623,0.44107570968668486,0.0022600725531577723,24.55262783002852,-153.20131743919814
insert,expression_index,avg_elapsed_ms_per_operation,50,13,constant,3,y = 0.00816792,0.008167923076923081,,-2.220446049250313e-16,0.0030230538899885897,33.8571024798533,-148.47504479017954
insert,expression_index,avg_elapsed_ms_per_operation,50,13,exponential,4,y = 0.00682248·exp(1.57234·(N/1e6)),-4.987531932453328,1.5723354932995353,0.39710055210563866,0.0023472985592878797,23.347477553948487,-152.2167441938987
insert,function_index,avg_elapsed_ms_per_operation,50,13,logarithmic,1,y = 0.00680641 + -2.967561e-04·ln(N),0.006806405553234523,-0.00029675605253440555,0.18313311048464198,0.0018041079737860539,30.760865622462575,-159.05991417423894
insert,function_index,avg_elapsed_ms_per_operation,50,13,linear,2,y = 0.00420841 + 9.700626e-04·(N/1e6),0.004208405604690207,0.0009700626207405015,0.004671645527764001,0.001991453029870958,28.235615498352328,-156.49115926399196
insert,function_index,avg_elapsed_ms_per_operation,50,13,constant,3,y = 0.00427888,0.004278876923076924,,0.0,0.0019961210731561916,29.75979600592754,-159.26664920736715
insert,function_index,avg_elapsed_ms_per_operation,50,13,exponential,4,y = 0.00385007·exp(0.425762·(N/1e6)),-5.5596648381828455,0.4257617673389346,-0.020593310602001758,0.002016569704020545,23.188672852223885,-156.16529181277383
insert,no_index,avg_elapsed_ms_per_operation,50,13,constant,1,y = 0.00258363,0.0025836307692307715,,-2.220446049250313e-16,0.0019193134811836378,49.882249231568906,-160.28684432429162
insert,no_index,avg_elapsed_ms_per_operation,50,13,logarithmic,2,y = 0.00645195 + -4.541780e-04·ln(N),0.00645195213560551,-0.0004541779526937692,0.4639826373080239,0.0014051909451018888,39.8405414199437,-165.55713411752916
insert,no_index,avg_elapsed_ms_per_operation,50,13,linear,3,y = 0.00280816 + -0.00309073·(N/1e6),0.002808160666996773,-0.003090733450823822,0.05129504063002854,0.0018694398633653801,49.358877912398185,-158.13502721363062
insert,no_index,avg_elapsed_ms_per_operation,50,13,exponential,4,y = 0.00233826·exp(-0.867641·(N/1e6)),-6.058347042896542,-0.867640883939159,0.0061654093044895,0.0019133876566807494,36.73136172991215,-157.53087910893825
insert,simple_btree,avg_elapsed_ms_per_operation,50,13,logarithmic,1,y = 0.00407433 + 7.535571e-05·ln(N),0.004074334675272728,7.535571360855767e-05,0.007966028351201304,0.0024206347597971203,44.757834192350614,-151.41686237003753
insert,simple_btree,avg_elapsed_ms_per_operation,50,13,linear,2,y = 0.00383239 + 0.0121653·(N/1e6),0.0038323937506479218,0.012165270268505972,0.49562777719224405,0.0017260031081767822,28.69145707181972,-160.21061902364613
insert,simple_btree,avg_elapsed_ms_per_operation,50,13,constant,3,y = 0.00471615,0.004716153846153848,,0.0,0.00243033417031656,44.58414777253953,-154.14925295969215
insert,simple_btree,avg_elapsed_ms_per_operation,50,13,exponential,4,y = 0.00366597·exp(1.98193·(N/1e6)),-5.608661328459714,1.9819304295379738,0.5209471456539363,0.001682122845516813,24.557195125559772,-160.88016580255842
insert,unique_btree,avg_elapsed_ms_per_operation,50,13,logarithmic,1,y = 0.00840063 + -4.257417e-04·ln(N),0.00840063180818554,-0.00042574167737938716,0.3264340721941619,0.0017603912884696566,26.18470793733692,-159.69769846284925
insert,unique_btree,avg_elapsed_ms_per_operation,50,13,linear,2,y = 0.00492767 + -0.00210832·(N/1e6),0.0049276690095514455,-0.0021083196994586624,0.019110793638657864,0.0021243649793649838,25.89771830262057,-154.8113412171382
insert,unique_btree,avg_elapsed_ms_per_operation,50,13,constant,3,y = 0.00477451,0.0047745076923076946,,0.0,0.002144959791791531,25.402167836749364,-157.39685990481155
insert,unique_btree,avg_elapsed_ms_per_operation,50,13,exponential,4,y = 0.00455311·exp(-0.23795·(N/1e6)),-5.3919450814667576,-0.23794988873065664,-0.004717254619596378,0.002150013000228536,20.92977935317193,-154.499316146316
insert,expression_index,avg_total_elapsed_ms,50,13,logarithmic,1,y = -5.28059 + 1.33953·ln(N),-5.280588759862464,1.3395280901449345,0.8378890741584443,1.6960374385128236,26.662613277706708,18.935659904743304
insert,expression_index,avg_total_elapsed_ms,50,13,linear,2,y = 4.54842 + 21.7494·(N/1e6),4.548417437707996,21.749442301774785,0.5273291363991641,2.8960676856934766,119.2256329868121,32.84720000593386
insert,expression_index,avg_total_elapsed_ms,50,13,constant,3,y = 6.12843,6.128430769230772,,-2.220446049250313e-16,4.212396969273618,174.24954077773137,39.75246412685051
insert,expression_index,avg_total_elapsed_ms,50,13,exponential,4,y = 3.32541·exp(3.65241·(N/1e6)),1.201593927895812,3.6524112387475625,0.15835642762501467,3.864500761082798,98.05053491490402,40.347645117178956
insert,function_index,avg_total_elapsed_ms,50,13,logarithmic,1,y = -0.755798 + 0.415821·ln(N),-0.7557983042151976,0.4158211506832177,0.7169309188727591,0.7521160703110353,38.531497734671696,-2.2064800712495902
insert,function_index,avg_total_elapsed_ms,50,13,linear,2,y = 2.3178 + 6.44265·(N/1e6),2.3177968148613246,6.442652908516297,0.41086227720335966,1.085043292411425,80.59466494167118,7.322117062947142
insert,function_index,avg_total_elapsed_ms,50,13,constant,3,y = 2.78583,2.7858307692307704,,0.0,1.4136394314428902,100.99691745236842,11.363992299039523
insert,function_index,avg_total_elapsed_ms,50,13,exponential,4,y = 1.8766·exp(2.50584·(N/1e6)),0.6294610221662968,2.5058375127869628,0.18959413717667561,1.2725941948752995,75.07109383741165,11.46749474469509
insert,no_index,avg_total_elapsed_ms,50,13,constant,1,y = 1.40692,1.4069230769230776,,0.0,0.5636397514968721,57.84965838925776,-12.543202857537073
insert,no_index,avg_total_elapsed_ms,50,13,logarithmic,2,y = 0.444484 + 0.113·ln(N),0.44448415585170303,0.11299954098039429,0.33303631249385834,0.4603124375106437,37.584465478267646,-14.972095010064379
insert,no_index,avg_total_elapsed_ms,50,13,linear,3,y = 1.31809 + 1.22276·(N/1e6),1.3180944768972915,1.2227570948064639,0.0930939062865428,0.5367632512015507,53.075481715465166,-10.97715202172147
insert,no_index,avg_total_elapsed_ms,50,13,exponential,4,y = 1.13972·exp(1.21243·(N/1e6)),0.13077881745259867,1.2124348615088694,-0.003413841145213148,0.564601020078672,51.49804428758225,-9.6625348673439
insert,simple_btree,avg_total_elapsed_ms,50,13,logarithmic,1,y = -3.05156 + 0.745256·ln(N),-3.051563274629357,0.7452556504118669,0.6670684789387776,1.5155429732236068,38.001980624836314,16.01011809590564
insert,simple_btree,avg_total_elapsed_ms,50,13,linear,2,y = 2.03399 + 17.371·(N/1e6),2.033989772877181,17.370958230195544,0.8651871429491034,0.9643983400089258,68.33810023417787,4.257477797434539
insert,simple_btree,avg_total_elapsed_ms,50,13,constant,3,y = 3.29592,3.2959230769230783,,0.0,2.6265809967606897,125.11897232591276,27.47139434344333
insert,simple_btree,avg_total_elapsed_ms,50,13,exponential,4,y = 1.78687·exp(4.06201·(N/1e6)),0.5804645318894269,4.062006174986,0.7270542195380394,1.3722365737401074,67.74468767762164,13.42749055125675
insert,unique_btree,avg_total_elapsed_ms,50,13,logarithmic,1,y = -0.271684 + 0.390386·ln(N),-0.27168380271539183,0.39038582550576206,0.6884559886813745,0.7559383584241424,35.84183842551001,-2.0746815076750194
insert,unique_btree,avg_total_elapsed_ms,50,13,linear,2,y = 2.74814 + 4.20069·(N/1e6),2.7481434567834726,4.200693627504103,0.19029735746434095,1.2186793656308597,85.72329044389454,10.341962416368283
insert,unique_btree,avg_total_elapsed_ms,50,13,constant,3,y = 3.05331,3.0533076923076936,,-2.220446049250313e-16,1.3543368007777197,96.96959926865196,10.249745467065017
insert,unique_btree,avg_total_elapsed_ms,50,13,exponential,4,y = 2.21928·exp(1.84213·(N/1e6)),0.7971807788823834,1.8421258567173706,-0.0067807066432223895,1.3589207236178023,75.42851342310512,13.173960777044321
select,btree_index_nonclustered,avg_elapsed_ms_per_operation,50,13,logarithmic,1,y = -0.00121876 + 0.00622445·ln(N),-0.0012187621050241322,0.0062244510050374294,0.4796629792548124,0.018661478361251056,34.06239061808952,-98.31364037253013
select,btree_index_nonclustered,avg_elapsed_ms_per_operation,50,13,constant,2,y = 0.0517961,0.051796089615384636,,0.0,0.025870432098972072,48.33594886748591,-92.65738272205583
select,btree_index_nonclustered,avg_elapsed_ms_per_operation,50,13,linear,3,y = 0.0412997 + 0.144486·(N/1e6),0.04129972601273876,0.14448615717322785,0.6170057574968456,0.01601031236587878,27.459808025391574,-102.29757827875538
select,btree_index_nonclustered,avg_elapsed_ms_per_operation,50,13,exponential,4,y = 0.039064·exp(2.34583·(N/1e6)),-3.2425549812599463,2.3458284270663943,0.5256122797901791,0.01781846965668025,25.378531592602865,-99.51551320045466
select,without_index_nonclustered,avg_elapsed_ms_per_operation,50,13,linear,1,y = 0.326265 + 38.8974·(N/1e6),0.3262649676992521,38.89741149821021,0.962004032794222,1.0872340807213114,336.8840328934415,7.374560195737975
select,without_index_nonclustered,avg_elapsed_ms_per_operation,50,13,logarithmic,2,y = -9.25417 + 1.45661·ln(N),-9.254174272811827,1.4566050460062783,0.5650885005783226,3.678364400637021,2443.495635988038,39.06417312283734
select,without_index_nonclustered,avg_elapsed_ms_per_operation,50,13,constant,3,y = 3.15201,3.1520123076153856,,0.0,5.5776891295742015,3504.820476883164,47.051774823040816
select,without_index_nonclustered,avg_elapsed_ms_per_operation,50,13,exponential,4,y = 0.166336·exp(12.1865·(N/1e6)),-1.793748400660622,12.186476297615934,-6.968130546620944,15.744632414963581,191.69591752892745,76.86898721154945
select,btree_index_nonclustered,avg_total_elapsed_ms,50,13,logarithmic,1,y = -0.243752 + 1.24489·ln(N),-0.2437523908881202,1.244890215534507,0.47966297575679684,3.7322957419580884,34.06239048355408,39.44261164331936
select,btree_index_nonclustered,avg_total_elapsed_ms,50,13,constant,2,y = 10.3592,10.35921807692308,,-2.220446049250313e-16,5.174086499038892,48.335949457747795,45.098869206399925
select,btree_index_nonclustered,avg_total_elapsed_ms,50,13,linear,3,y = 8.25995 + 28.8972·(N/1e6),8.259945358990773,28.89723139889875,0.6170057370706512,3.2020626076050536,27.45980870630894,35.45867434302808
select,btree_index_nonclustered,avg_total_elapsed_ms,50,13,exponential,4,y = 7.81279·exp(2.34583·(N/1e6)),2.055762400934813,2.345828407074996,0.5256122573008787,3.56369407038835,25.378532749741485,38.240739344292116
select,without_index_nonclustered,avg_total_elapsed_ms,50,13,linear,1,y = 65.253 + 7779.48·(N/1e6),65.25299361867546,7779.482299827637,0.962004032841272,217.44681600950116,336.8840290902468,145.1308117098736
select,without_index_nonclustered,avg_total_elapsed_ms,50,13,logarithmic,2,y = -1850.83 + 291.321·ln(N),-1850.8348544919816,291.32100920382976,0.5650885005889837,735.6728801179476,2443.495626094774,176.82042465275205
select,without_index_nonclustered,avg_total_elapsed_ms,50,13,constant,3,y = 630.402,630.4024616153848,,-2.220446049250313e-16,1115.5378259141735,3504.8204370449766,184.80802635327424
select,without_index_nonclustered,avg_total_elapsed_ms,50,13,exponential,4,y = 33.2671·exp(12.1865·(N/1e6)),3.5045689717151047,12.186476281017018,-6.96813049552619,3148.926472894763,191.69591638764376,214.62523865842178
size_insert,expression_index,indexes_bytes,50,13,linear,1,y = 3.449349e+05 + 1.485575e+07·(N/1e6),344934.9409694006,14855745.200548286,0.9098633440418595,657626.2326039632,634.7975003804839,353.5061923473041
size_insert,expression_index,indexes_bytes,50,13,logarithmic,2,y = -3.850549e+06 + 6.192999e+05·ln(N),-3850548.806800976,619299.8539031133,0.6623485645191327,1272807.448346242,1616.935438329255,370.6751258060823
size_insert,expression_index,indexes_bytes,50,13,constant,3,y = 1.424148e+06,1424147.6923076932,,2.220446049250313e-16,2190425.102569235,2729.1654173412744,381.95339740030005
size_insert,expression_index,indexes_bytes,50,13,exponential,4,y = 1.044840e+05·exp(11.0944·(N/1e6)),11.556789617613495,11.094373417886146,-5.827165348557894,5723327.77301747,206.99749220024643,409.7615852898889
size_insert,function_index,indexes_bytes,50,13,linear,1,y = 2.478752e+04 + 7.318190e+06·(N/1e6),24787.52211386369,7318189.551588071,0.9997213706741142,17183.025263368614,22.55465749175013,258.7436090771824
size_insert,function_index,indexes_bytes,50,13,logarithmic,2,y = -1.602702e+06 + 2.535022e+05·ln(N),-1602701.7441641944,253502.24443588336,0.5024960412823923,726080.0212745342,821.4494754396352,356.0808032567279
size_insert,function_index,indexes_bytes,50,13,constant,3,y = 5.564258e+05,556425.8461538464,,1.1102230246251565e-16,1029404.865234116,1141.8575401636751,362.32041256788403
size_insert,function_index,indexes_bytes,50,13,exponential,4,y = 5.850690e+04·exp(10.1896·(N/1e6)),10.976899976633852,10.189623030340751,-1.604292247908945,1661235.0117316104,108.25419719060085,377.59986853382134
size_insert,no_index,indexes_bytes,50,13,constant,1,y = -0,-0.0,,1.0,0.0,,-928.9888915510414
size_insert,no_index,indexes_bytes,50,13,linear,2,y = 0 + 0·(N/1e6),0.0,0.0,1.0,0.0,,-926.1525279146778
size_insert,no_index,indexes_bytes,50,13,logarithmic,3,y = 0 + 0·ln(N),0.0,0.0,1.0,0.0,,-926.1525279146778
size_insert,simple_btree,indexes_bytes,50,13,linear,1,y = 2.435983e+04 + 7.298054e+06·(N/1e6),24359.82530710987,7298054.077729324,0.9996729379919151,18565.86589478544,22.372197882220902,260.7560801760821
size_insert,simple_btree,indexes_bytes,50,13,logarithmic,2,y = -1.597135e+06 + 2.526267e+05·ln(N),-1597134.8076925152,252626.67453362292,0.501764060543284,724632.2948330754,818.6788295712489,356.02891026656664
size_insert,simple_btree,indexes_bytes,50,13,constant,3,y = 5.545354e+05,554535.3846153849,,1.1102230246251565e-16,1026597.3992154513,1137.712725845979,362.24940665206833
size_insert,simple_btree,indexes_bytes,50,13,exponential,4,y = 5.845885e+04·exp(10.1816·(N/1e6)),10.976078323837283,10.181645806863603,-1.5849149819719268,1650529.502374236,108.11183051732667,377.43177432807164
size_insert,unique_btree,indexes_bytes,50,13,linear,1,y = 1.713057e+04 + 2.248216e+07·(N/1e6),17130.570515308482,22482158.601547007,0.9999986753911528,3639.1853114976802,6.883762301553503,218.38739312150122
size_insert,unique_btree,indexes_bytes,50,13,logarithmic,2,y = -4.994360e+06 + 7.801552e+05·ln(N),-4994360.004094868,780155.2433809363,0.5044090071256131,2225984.0470869564,2339.6603367149683,385.2084507482729
size_insert,unique_btree,indexes_bytes,50,13,constant,3,y = 1.650373e+06,1650372.9230769237,,-2.220446049250313e-16,3161988.9304928235,3312.7633996966993,391.49814305840187
size_insert,unique_btree,indexes_bytes,50,13,exponential,4,y = 8.491977e+04·exp(12.3076·(N/1e6)),11.34946218513619,12.307631325727954,-5.487627581406997,8053845.627014671,170.3652777337221,418.6431665771049
size_insert,expression_index,relation_bytes,50,13,linear,1,y = -1.687866e+04 + 8.291568e+07·(N/1e6),-16878.66256086418,82915678.32834736,0.9999967729205075,20949.045540840183,47.554938419406966,263.8960575004694
size_insert,expression_index,relation_bytes,50,13,logarithmic,2,y = -1.846015e+07 + 2.872634e+06·ln(N),-18460151.583206944,2872633.9176389007,0.5027860387128191,8223014.697006777,13168.34099823015,419.1836337326602
size_insert,expression_index,relation_bytes,50,13,constant,3,y = 6.006626e+06,6006626.461538464,,0.0,11661634.057442896,15238.944133170116,425.43082301523646
size_insert,expression_index,relation_bytes,50,13,exponential,4,y = 1.527710e+05·exp(14.3564·(N/1e6)),11.936695517386118,14.356363477757984,-13.429862035719738,44298650.735709526,408.1935132577014,462.96808420507665
size_insert,function_index,relation_bytes,50,13,linear,1,y = -1.687866e+04 + 8.291568e+07·(N/1e6),-16878.66256086418,82915678.32834736,0.9999967729205075,20949.045540840183,47.554938419406966,263.8960575004694
size_insert,function_index,relation_bytes,50,13,logarithmic,2,y = -1.846015e+07 + 2.872634e+06·ln(N),-18460151.583206944,2872633.9176389007,0.5027860387128191,8223014.697006777,13168.34099823015,419.1836337326602
size_insert,function_index,relation_bytes,50,13,constant,3,y = 6.006626e+06,6006626.461538464,,0.0,11661634.057442896,15238.944133170116,425.43082301523646
size_insert,function_index,relation_bytes,50,13,exponential,4,y = 1.527710e+05·exp(14.3564·(N/1e6)),11.936695517386118,14.356363477757984,-13.429862035719738,44298650.735709526,408.1935132577014,462.96808420507665
size_insert,no_index,relation_bytes,50,13,linear,1,y = -1.687866e+04 + 8.291568e+07·(N/1e6),-16878.66256086418,82915678.32834736,0.9999967729205075,20949.045540840183,47.554938419406966,263.8960575004694
size_insert,no_index,relation_bytes,50,13,logarithmic,2,y = -1.846015e+07 + 2.872634e+06·ln(N),-18460151.583206944,2872633.9176389007,0.5027860387128191,8223014.697006777,13168.34099823015,419.1836337326602
size_insert,no_index,relation_bytes,50,13,constant,3,y = 6.006626e+06,6006626.461538464,,0.0,11661634.057442896,15238.944133170116,425.43082301523646
size_insert,no_index,relation_bytes,50,13,exponential,4,y = 1.527710e+05·exp(14.3564·(N/1e6)),11.936695517386118,14.356363477757984,-13.429862035719738,44298650.735709526,408.1935132577014,462.96808420507665
size_insert,simple_btree,relation_bytes,50,13,linear,1,y = -1.687866e+04 + 8.291568e+07·(N/1e6),-16878.66256086418,82915678.32834736,0.9999967729205075,20949.045540840183,47.554938419406966,263.8960575004694
size_insert,simple_btree,relation_bytes,50,13,logarithmic,2,y = -1.846015e+07 + 2.872634e+06·ln(N),-18460151.583206944,2872633.9176389007,0.5027860387128191,8223014.697006777,13168.34099823015,419.1836337326602
size_insert,simple_btree,relation_bytes,50,13,constant,3,y = 6.006626e+06,6006626.461538464,,0.0,11661634.057442896,15238.944133170116,425.43082301523646
size_insert,simple_btree,relation_bytes,50,13,exponential,4,y = 1.527710e+05·exp(14.3564·(N/1e6)),11.936695517386118,14.356363477757984,-13.429862035719738,44298650.735709526,408.1935132577014,462.96808420507665
size_insert,unique_btree,relation_bytes,50,13,linear,1,y = -1.687866e+04 + 8.291568e+07·(N/1e6),-16878.66256086418,82915678.32834736,0.9999967729205075,20949.045540840183,47.554938419406966,263.8960575004694
size_insert,unique_btree,relation_bytes,50,13,logarithmic,2,y = -1.846015e+07 + 2.872634e+06·ln(N),-18460151.583206944,2872633.9176389007,0.5027860387128191,8223014.697006777,13168.34099823015,419.1836337326602
size_insert,unique_btree,relation_bytes,50,13,constant,3,y = 6.006626e+06,6006626.461538464,,0.0,11661634.057442896,15238.944133170116,425.43082301523646
size_insert,unique_btree,relation_bytes,50,13,exponential,4,y = 1.527710e+05·exp(14.3564·(N/1e6)),11.936695517386118,14.356363477757984,-13.429862035719738,44298650.735709526,408.1935132577014,462.96808420507665
size_insert,expression_index,total_bytes,50,13,linear,1,y = 3.556768e+05 + 9.779891e+07·(N/1e6),355676.7965103638,97798908.98492725,0.9977498256647611,653210.7351230156,235.31215684234584,353.3310319398119
size_insert,expression_index,total_bytes,50,13,logarithmic,2,y = -2.230062e+07 + 3.494227e+06·ln(N),-22300616.933372684,3494227.223586014,0.5335231714826061,9405031.790720819,4257.366875959384,422.67564042353405
size_insert,expression_index,total_bytes,50,13,constant,3,y = 7.460391e+06,7460391.384615389,,2.220446049250313e-16,13770357.96437898,5459.525064302876,429.7523868881555
size_insert,expression_index,total_bytes,50,13,exponential,4,y = 3.225586e+05·exp(12.8088·(N/1e6)),12.68404018438281,12.808815602099358,-7.924117017052961,41136549.26773864,243.31164623422526,461.042596582922
size_insert,function_index,total_bytes,50,13,linear,1,y = 3.552938e+04 + 9.026135e+07·(N/1e6),35529.3776548272,90261353.33596703,0.9999968380617957,22573.622954596212,10.855133763039085,265.8379718211284
size_insert,function_index,total_bytes,50,13,logarithmic,2,y = -2.005277e+07 + 3.128430e+06·ln(N),-20052769.870735895,3128429.6141187833,0.5032051545906032,8947735.102387128,3919.966382730177,421.3796859230363
size_insert,function_index,total_bytes,50,13,constant,3,y = 6.592670e+06,6592669.538461543,,1.1102230246251565e-16,12694762.42697439,4884.567657736101,427.63783789869404
size_insert,function_index,total_bytes,50,13,exponential,4,y = 2.885895e+05·exp(12.7789·(N/1e6)),12.572760464120067,12.778885254090577,-6.8145555606064185,35487607.363458395,217.54685774166833,457.20204673381767
size_insert,no_index,total_bytes,50,13,linear,1,y = 1.074186e+04 + 8.294316e+07·(N/1e6),10741.855540960998,82943163.78437899,0.9999971868345505,19565.948034277997,10.102659630322112,262.1201957164516
size_insert,no_index,total_bytes,50,13,logarithmic,2,y = -1.845007e+07 + 2.874927e+06·ln(N),-18450068.126571707,2874927.3696829,0.5032556951961418,8221852.979301658,6712.201667640599,419.1799602874276
size_insert,no_index,total_bytes,50,13,constant,3,y = 6.036244e+06,6036243.692307694,,0.0,11665497.321378665,7854.816809188136,425.4394348639561
size_insert,no_index,total_bytes,50,13,exponential,4,y = 2.138933e+05·exp(13.3937·(N/1e6)),12.273232768167873,13.393724906932762,-8.971940881449026,36837750.81753876,287.76998262436746,458.17287658377626
size_insert,simple_btree,total_bytes,50,13,linear,1,y = 3.510168e+04 + 9.024122e+07·(N/1e6),35101.68084807105,90241217.86210832,0.9999965876386588,23445.27038585649,10.768499955998982,266.8230256699776
size_insert,simple_btree,total_bytes,50,13,logarithmic,2,y = -2.004720e+07 + 3.127554e+06·ln(N),-20047202.934264228,3127554.0442165243,0.5031478578515218,8946256.018357696,3918.9010248506584,421.37538769972844
size_insert,simple_btree,total_bytes,50,13,constant,3,y = 6.590779e+06,6590779.07692308,,-2.220446049250313e-16,12691932.072610697,4883.14544739657,427.6320404354786
size_insert,simple_btree,total_bytes,50,13,exponential,4,y = 2.885708e+05·exp(12.7782·(N/1e6)),12.572695910948692,12.778237164208265,-6.810796629088781,35471161.05295119,217.52696279377335,457.18999454941866
size_insert,unique_btree,total_bytes,50,13,linear,1,y = 2.787243e+04 + 1.054253e+08·(N/1e6),27872.426056272572,105425322.38592598,0.999998522383236,18023.876949374226,7.164966799152241,259.9857690311862
size_insert,unique_btree,total_bytes,50,13,logarithmic,2,y = -2.344443e+07 + 3.655083e+06·ln(N),-23444428.130666573,3655082.613063837,0.5035020429922246,10447828.662439398,4553.804827104548,425.40952301344873
size_insert,unique_btree,total_bytes,50,13,constant,3,y = 7.686617e+06,7686616.615384619,,-2.220446049250313e-16,14827478.70384259,5675.941980888415,431.67544621089854
size_insert,unique_btree,total_bytes,50,13,exponential,4,y = 3.061914e+05·exp(13.0536·(N/1e6)),12.631965562931466,13.053649655019377,-7.722882983894639,43792257.345303096,231.9952041769545,462.6691572563375
size_select,btree_index_nonclustered,indexes_bytes,50,13,linear,1,y = 1.713057e+04 + 2.248216e+07·(N/1e6),17130.570515308482,22482158.601547007,0.9999986753911528,3639.1853114976802,6.883762301553503,218.38739312150122
size_select,btree_index_nonclustered,indexes_bytes,50,13,logarithmic,2,y = -4.994360e+06 + 7.801552e+05·ln(N),-4994360.004094868,780155.2433809363,0.5044090071256131,2225984.0470869564,2339.6603367149683,385.2084507482729
size_select,btree_index_nonclustered,indexes_bytes,50,13,constant,3,y = 1.650373e+06,1650372.9230769237,,-2.220446049250313e-16,3161988.9304928235,3312.7633996966993,391.49814305840187
size_select,btree_index_nonclustered,indexes_bytes,50,13,exponential,4,y = 8.491977e+04·exp(12.3076·(N/1e6)),11.34946218513619,12.307631325727954,-5.487627581406997,8053845.627014671,170.3652777337221,418.6431665771049
size_select,without_index_nonclustered,indexes_bytes,50,13,constant,1,y = -0,-0.0,,1.0,0.0,,-928.9888915510414
size_select,without_index_nonclustered,indexes_bytes,50,13,linear,2,y = 0 + 0·(N/1e6),0.0,0.0,1.0,0.0,,-926.1525279146778
size_select,without_index_nonclustered,indexes_bytes,50,13,logarithmic,3,y = 0 + 0·ln(N),0.0,0.0,1.0,0.0,,-926.1525279146778
size_select,btree_index_nonclustered,relation_bytes,50,13,linear,1,y = -1038.07 + 6.819421e+07·(N/1e6),-1038.07268048657,68194213.19869371,0.9999998964523585,3086.311104233006,8.538860490514697,214.10302782241945
size_select,btree_index_nonclustered,relation_bytes,50,13,logarithmic,2,y = -1.519356e+07 + 2.365400e+06·ln(N),-15193557.811464703,2365399.7965595,0.5039777678366,6754919.332565836,11270.263331273349,414.07032127291956
size_select,btree_index_nonclustered,relation_bytes,50,13,constant,3,y = 4.953009e+06,4953009.230769232,,0.0,9591125.987107411,13744.075434817165,420.34870653112733
size_select,btree_index_nonclustered,relation_bytes,50,13,exponential,4,y = 1.293131e+05·exp(14.2806·(N/1e6)),11.769991986154874,14.280620014303995,-13.104797582047583,36020772.69715694,379.2453868238193,457.589765083729
size_select,without_index_nonclustered,relation_bytes,50,13,linear,1,y = -1038.07 + 6.819421e+07·(N/1e6),-1038.07268048657,68194213.19869371,0.9999998964523585,3086.311104233006,8.538860490514697,214.10302782241945
size_select,without_index_nonclustered,relation_bytes,50,13,logarithmic,2,y = -1.519356e+07 + 2.365400e+06·ln(N),-15193557.811464703,2365399.7965595,0.5039777678366,6754919.332565836,11270.263331273349,414.07032127291956
size_select,without_index_nonclustered,relation_bytes,50,13,constant,3,y = 4.953009e+06,4953009.230769232,,0.0,9591125.987107411,13744.075434817165,420.34870653112733
size_select,without_index_nonclustered,relation_bytes,50,13,exponential,4,y = 1.293131e+05·exp(14.2806·(N/1e6)),11.769991986154874,14.280620014303995,-13.104797582047583,36020772.69715694,379.2453868238193,457.589765083729
size_select,btree_index_nonclustered,total_bytes,50,13,linear,1,y = 4.393272e+04 + 9.070951e+07·(N/1e6),43932.72406604654,90709507.18672322,0.9999995032735203,8991.53050022652,9.657114941646148,241.90499730064778
size_select,btree_index_nonclustered,total_bytes,50,13,logarithmic,2,y = -2.017974e+07 + 3.148146e+06·ln(N),-20179738.1841841,3148146.005384564,0.5045465729306393,8980000.98040204,4000.5326206132445,421.4732742858183
size_select,btree_index_nonclustered,total_bytes,50,13,constant,3,y = 6.633630e+06,6633629.538461541,,2.220446049250313e-16,12757775.797713237,5093.06897864277,427.7665756278752
size_select,btree_index_nonclustered,total_bytes,50,13,exponential,4,y = 2.798498e+05·exp(12.8867·(N/1e6)),12.542008333490573,12.886719413994646,-7.20607053636337,36546230.458372846,219.94983679534639,457.9663037301964
size_select,without_index_nonclustered,total_bytes,50,13,linear,1,y = 2.658245e+04 + 6.822170e+07·(N/1e6),26582.445421337572,68221698.65472536,0.999999452550852,7099.317347110495,16.205680253622432,235.76160166292672
size_select,without_index_nonclustered,total_bytes,50,13,logarithmic,2,y = -1.518347e+07 + 2.367693e+06·ln(N),-15183474.35482947,2367693.2486035004,0.5045485190403926,6753754.398546173,5630.692391865155,414.06583700078613
size_select,without_index_nonclustered,total_bytes,50,13,constant,3,y = 4.982626e+06,4982626.461538464,,-2.220446049250313e-16,9594993.788886566,6756.3113455240755,420.35918940612186
size_select,without_index_nonclustered,total_bytes,50,13,exponential,4,y = 1.896153e+05·exp(13.1864·(N/1e6)),12.152752359437384,13.186425375505873,-8.251578648331412,29184524.413846925,265.0064254437382,452.1178776638997
size_update,expression_index,indexes_bytes,50,13,linear,1,y = 9.307695e+04 + 2.933033e+07·(N/1e6),93076.9472269227,29330334.27154809,0.9998178842142404,55673.9978642541,57.9652195361414,289.30898079770947
size_update,expression_index,indexes_bytes,50,13,logarithmic,2,y = -6.549495e+06 + 1.030070e+06·ln(N),-6549495.305834174,1030070.3567171606,0.5165567175647876,2868477.036117033,1532.7726454157157,391.8015867338297
size_update,expression_index,indexes_bytes,50,13,constant,3,y = 2.223813e+06,2223812.923076924,,-2.220446049250313e-16,4125519.198186714,2222.3472316447387,398.4138997011317
size_update,expression_index,indexes_bytes,50,13,exponential,4,y = 1.572723e+05·exp(11.3699·(N/1e6)),11.965733745460605,11.369914074563328,-3.6512318008734432,8897389.526275102,154.343291569739,421.2329804806138
size_update,function_index,indexes_bytes,50,13,linear,1,y = 1.245044e+05 + 2.960034e+07·(N/1e6),124504.39025542831,29600341.938457686,0.9994556080614331,97161.1992174206,89.24149748627416,303.7872948694226
size_update,function_index,indexes_bytes,50,13,logarithmic,2,y = -6.653551e+06 + 1.048280e+06·ln(N),-6653551.360731426,1048280.4070177719,0.5250762197876231,2869782.491958362,1541.9843904391844,391.81341675033354
size_update,function_index,indexes_bytes,50,13,constant,3,y = 2.274855e+06,2274855.384615386,,1.1102230246251565e-16,4164252.1987966085,2267.711418471977,398.6568654709093
size_update,function_index,indexes_bytes,50,13,exponential,4,y = 1.618841e+05·exp(11.3478·(N/1e6)),11.994636026035565,11.347780124923226,-3.7714467732743193,9096243.246512579,159.35423769800443,421.80767346108894
size_update,no_extra_index,indexes_bytes,50,13,constant,1,y = 1.650373e+06,1650372.9230769237,,-2.220446049250313e-16,3161988.9304928235,3312.7633996966993,391.49814305840187
size_update,no_extra_index,indexes_bytes,50,13,linear,2,y = 1.713057e+04 + 2.248216e+07·(N/1e6),17130.570515308482,22482158.601547007,0.9999986753911528,3639.1853114976802,6.883762301553503,218.38739312150122
size_update,no_extra_index,indexes_bytes,50,13,logarithmic,3,y = -4.994360e+06 + 7.801552e+05·ln(N),-4994360.004094868,780155.2433809363,0.5044090071256131,2225984.0470869564,2339.6603367149683,385.2084507482729
size_update,no_extra_index,indexes_bytes,50,13,exponential,4,y = 8.491977e+04·exp(12.3076·(N/1e6)),11.34946218513619,12.307631325727954,-5.487627581406997,8053845.627014671,170.3652777337221,418.6431665771049
size_update,simple_btree,indexes_bytes,50,13,linear,1,y = 1.245044e+05 + 2.960034e+07·(N/1e6),124504.39025542831,29600341.938457686,0.9994556080614331,97161.1992174206,89.24149748627416,303.7872948694226
size_update,simple_btree,indexes_bytes,50,13,logarithmic,2,y = -6.653551e+06 + 1.048280e+06·ln(N),-6653551.360731426,1048280.4070177719,0.5250762197876231,2869782.491958362,1541.9843904391844,391.81341675033354
size_update,simple_btree,indexes_bytes,50,13,constant,3,y = 2.274855e+06,2274855.384615386,,1.1102230246251565e-16,4164252.1987966085,2267.711418471977,398.6568654709093
size_update,simple_btree,indexes_bytes,50,13,exponential,4,y = 1.618841e+05·exp(11.3478·(N/1e6)),11.994636026035565,11.347780124923226,-3.7714467732743193,9096243.246512579,159.35423769800443,421.80767346108894
size_update,unique_btree,indexes_bytes,50,13,linear,1,y = 3.426114e+04 + 4.496432e+07·(N/1e6),34261.141030616964,44964317.20309401,0.9999986753911528,7278.3706229953605,6.883762301553503,236.4092198160598
size_update,unique_btree,indexes_bytes,50,13,logarithmic,2,y = -9.988720e+06 + 1.560310e+06·ln(N),-9988720.008189736,1560310.4867618727,0.5044090071256131,4451968.094173913,2339.6603367149683,403.2302774428315
size_update,unique_btree,indexes_bytes,50,13,constant,3,y = 3.300746e+06,3300745.8461538474,,-2.220446049250313e-16,6323977.860985647,3312.7633996966993,409.51996975296044
size_update,unique_btree,indexes_bytes,50,13,exponential,4,y = 1.698395e+05·exp(12.3076·(N/1e6)),12.042609365696133,12.30763132572795,-5.487627581406905,16107691.254029227,170.3652777337217,436.6649932716633
size_update,expression_index,relation_bytes,50,13,linear,1,y = 4586.01 + 8.445048e+07·(N/1e6),4586.013516719524,84450484.7779359,0.99999996839231,2111.643416654705,3.114804876181656,204.23576663777024
size_update,expression_index,relation_bytes,50,13,logarithmic,2,y = -1.881008e+07 + 2.929330e+06·ln(N),-18810077.985409454,2929329.6920435056,0.5039988658871241,8364992.172140794,10833.194600635945,419.6287148720033
size_update,expression_index,relation_bytes,50,13,constant,3,y = 6.139589e+06,6139588.923076926,,1.1102230246251565e-16,11877477.164854277,12413.036759321887,425.9076530902847
size_update,expression_index,relation_bytes,50,13,exponential,4,y = 1.737701e+05·exp(14.0465·(N/1e6)),12.065488177155183,14.046500416118805,-11.903890904504252,42666257.04591077,369.24329684952795,461.9918922497639
size_update,function_index,relation_bytes,50,13,linear,1,y = 4586.01 + 8.445048e+07·(N/1e6),4586.013516719524,84450484.7779359,0.99999996839231,2111.643416654705,3.114804876181656,204.23576663777024
size_update,function_index,relation_bytes,50,13,logarithmic,2,y = -1.881008e+07 + 2.929330e+06·ln(N),-18810077.985409454,2929329.6920435056,0.5039988658871241,8364992.172140794,10833.194600635945,419.6287148720033
size_update,function_index,relation_bytes,50,13,constant,3,y = 6.139589e+06,6139588.923076926,,1.1102230246251565e-16,11877477.164854277,12413.036759321887,425.9076530902847
size_update,function_index,relation_bytes,50,13,exponential,4,y = 1.737701e+05·exp(14.0465·(N/1e6)),12.065488177155183,14.046500416118805,-11.903890904504252,42666257.04591077,369.24329684952795,461.9918922497639
size_update,no_extra_index,relation_bytes,50,13,linear,1,y = 4586.01 + 8.445048e+07·(N/1e6),4586.013516719524,84450484.7779359,0.99999996839231,2111.643416654705,3.114804876181656,204.23576663777024
size_update,no_extra_index,relation_bytes,50,13,logarithmic,2,y = -1.881008e+07 + 2.929330e+06·ln(N),-18810077.985409454,2929329.6920435056,0.5039988658871241,8364992.172140794,10833.194600635945,419.6287148720033
size_update,no_extra_index,relation_bytes,50,13,constant,3,y = 6.139589e+06,6139588.923076926,,1.1102230246251565e-16,11877477.164854277,12413.036759321887,425.9076530902847
size_update,no_extra_index,relation_bytes,50,13,exponential,4,y = 1.737701e+05·exp(14.0465·(N/1e6)),12.065488177155183,14.046500416118805,-11.903890904504252,42666257.04591077,369.24329684952795,461.9918922497639
size_update,simple_btree,relation_bytes,50,13,linear,1,y = 4586.01 + 8.445048e+07·(N/1e6),4586.013516719524,84450484.7779359,0.99999996839231,2111.643416654705,3.114804876181656,204.23576663777024
size_update,simple_btree,relation_bytes,50,13,logarithmic,2,y = -1.881008e+07 + 2.929330e+06·ln(N),-18810077.985409454,2929329.6920435056,0.5039988658871241,8364992.172140794,10833.194600635945,419.6287148720033
size_update,simple_btree,relation_bytes,50,13,constant,3,y = 6.139589e+06,6139588.923076926,,1.1102230246251565e-16,11877477.164854277,12413.036759321887,425.9076530902847
size_update,simple_btree,relation_bytes,50,13,exponential,4,y = 1.737701e+05·exp(14.0465·(N/1e6)),12.065488177155183,14.046500416118805,-11.903890904504252,42666257.04591077,369.24329684952795,461.9918922497639
size_update,unique_btree,relation_bytes,50,13,linear,1,y = 4586.01 + 8.445048e+07·(N/1e6),4586.013516719524,84450484.7779359,0.99999996839231,2111.643416654705,3.114804876181656,204.23576663777024
size_update,unique_btree,relation_bytes,50,13,logarithmic,2,y = -1.881008e+07 + 2.929330e+06·ln(N),-18810077.985409454,2929329.6920435056,0.5039988658871241,8364992.172140794,10833.194600635945,419.6287148720033
size_update,unique_btree,relation_bytes,50,13,constant,3,y = 6.139589e+06,6139588.923076926,,1.1102230246251565e-16,11877477.164854277,12413.036759321887,425.9076530902847
size_update,unique_btree,relation_bytes,50,13,exponential,4,y = 1.737701e+05·exp(14.0465·(N/1e6)),12.065488177155183,14.046500416118805,-11.903890904504252,42666257.04591077,369.24329684952795,461.9918922497639
size_update,expression_index,total_bytes,50,13,linear,1,y = 1.276776e+05 + 1.138014e+08·(N/1e6),127677.61581176083,113801371.2351198,0.9999871508191555,57373.32985857867,28.882739580494643,290.0907057807328
size_update,expression_index,total_bytes,50,13,logarithmic,2,y = -2.534000e+07 + 3.960801e+06·ln(N),-25339997.435752172,3960800.960604284,0.5074144446748781,11233450.392194444,2937.7655429426854,427.2945697090281
size_update,expression_index,total_bytes,50,13,constant,3,y = 8.394910e+06,8394909.538461542,,1.1102230246251565e-16,16005613.874177832,3843.8244425249823,433.66333859445433
size_update,expression_index,total_bytes,50,13,exponential,4,y = 4.167287e+05·exp(12.4119·(N/1e6)),12.940190624643598,12.411949993033911,-5.871426076190661,41956164.056632474,193.07597049961507,461.55553387483
size_update,function_index,total_bytes,50,13,linear,1,y = 1.591051e+05 + 1.140714e+08·(N/1e6),159105.05884026724,114071378.90202938,0.9999626551011855,98044.33263472951,43.13498314274028,304.0225507588435
size_update,function_index,total_bytes,50,13,logarithmic,2,y = -2.544405e+07 + 3.979011e+06·ln(N),-25444053.490649413,3979011.010904894,0.5096570540957884,11234579.3791511,2943.128766376764,427.29718263603564
size_update,function_index,total_bytes,50,13,constant,3,y = 8.445952e+06,8445952.000000004,,-2.220446049250313e-16,16043785.655735303,3864.603937861938,433.7252721597841
size_update,function_index,total_bytes,50,13,exponential,4,y = 4.205350e+05·exp(12.4028·(N/1e6)),12.949282988679766,12.40276701932957,-5.9124741165061625,42181654.50868596,194.92906594024873,461.69489488726805
size_update,no_extra_index,total_bytes,50,13,linear,1,y = 5.173124e+04 + 1.069532e+08·(N/1e6),51731.23910014687,106953195.56511874,0.9999996819407809,8483.398705166155,7.574949788122715,240.39252741905347
size_update,no_extra_index,total_bytes,50,13,logarithmic,2,y = -2.378486e+07 + 3.710886e+06·ln(N),-23784862.134012863,3710885.8472680594,0.5042720311116066,10591015.305149019,3797.859588888894,425.76343126027683
size_update,no_extra_index,total_bytes,50,13,constant,3,y = 7.821470e+06,7821469.538461543,,2.220446049250313e-16,15042356.752810616,4775.926625232679,432.0495310068372
size_update,no_extra_index,total_bytes,50,13,exponential,4,y = 3.399083e+05·exp(12.8002·(N/1e6)),12.73643113988397,12.800230154270864,-6.914810074614705,42319071.78001195,211.77661986833033,461.7794587096397
size_update,simple_btree,total_bytes,50,13,linear,1,y = 1.591051e+05 + 1.140714e+08·(N/1e6),159105.05884026724,114071378.90202938,0.9999626551011855,98044.33263472951,43.13498314274028,304.0225507588435
size_update,simple_btree,total_bytes,50,13,logarithmic,2,y = -2.544405e+07 + 3.979011e+06·ln(N),-25444053.490649413,3979011.010904894,0.5096570540957884,11234579.3791511,2943.128766376764,427.29718263603564
size_update,simple_btree,total_bytes,50,13,constant,3,y = 8.445952e+06,8445952.000000004,,-2.220446049250313e-16,16043785.655735303,3864.603937861938,433.7252721597841
size_update,simple_btree,total_bytes,50,13,exponential,4,y = 4.205350e+05·exp(12.4028·(N/1e6)),12.949282988679766,12.40276701932957,-5.9124741165061625,42181654.50868596,194.92906594024873,461.69489488726805
size_update,unique_btree,total_bytes,50,13,linear,1,y = 6.886181e+04 + 1.294354e+08·(N/1e6),68861.80961545536,129435354.16666572,0.9999996317391431,11047.215511253637,6.189946344316293,247.2582758167419
size_update,unique_btree,total_bytes,50,13,logarithmic,2,y = -2.877922e+07 + 4.491041e+06·ln(N),-28779222.13810773,4491041.090648996,0.5042958845639793,12816997.775823044,3338.0868802742525,430.72335277864346
size_update,unique_btree,total_bytes,50,13,constant,3,y = 9.471842e+06,9471842.461538466,,-2.220446049250313e-16,18204344.54889725,4339.830279510587,437.0100780746203
size_update,unique_btree,total_bytes,50,13,exponential,4,y = 4.270781e+05·exp(12.693·(N/1e6)),12.964722258374447,12.69295538205599,-6.580451403527977,50121329.29748999,198.9406683677982,466.1788874583547
update,expression_index,avg_elapsed_ms_per_operation,50,13,logarithmic,1,y = 0.0186202 + -1.966168e-04·ln(N),0.018620207991997918,-0.00019661681248477528,0.021812739899354616,0.0037900703557409267,16.53114616366195,-139.7596381100418
update,expression_index,avg_elapsed_ms_per_operation,50,13,linear,2,y = 0.0167659 + 0.00247324·(N/1e6),0.016765913137430432,0.0024732414373194824,0.008239570754376424,0.0038162749695958903,16.33713135941866,-139.5804922452225
update,expression_index,avg_elapsed_ms_per_operation,50,13,constant,3,y = 0.0169456,0.016945584615384625,,0.0,0.0038320950337192346,16.835581870214416,-142.30929773426163
update,expression_index,avg_elapsed_ms_per_operation,50,13,exponential,4,y = 0.016359·exp(0.181366·(N/1e6)),-4.112977308743561,0.18136571222882497,-0.0003796513561771242,0.003832822394728163,15.010807006494126,-139.46799956690916
update,function_index,avg_elapsed_ms_per_operation,50,13,logarithmic,1,y = 0.0209972 + -3.189732e-04·ln(N),0.020997202385618908,-0.0003189731840896514,0.05504894030289209,0.0038041276393504762,18.18245545816967,-139.66338310285767
update,function_index,avg_elapsed_ms_per_operation,50,13,linear,2,y = 0.0185328 + -0.00347394·(N/1e6),0.018532814724335774,-0.003473942626392331,0.015587933330315829,0.003882745154587787,18.390888987550206,-139.13153439764864
update,function_index,avg_elapsed_ms_per_operation,50,13,constant,3,y = 0.0182804,0.018280446153846164,,0.0,0.003913365591566221,17.716070447643638,-141.7636588995941
update,function_index,avg_elapsed_ms_per_operation,50,13,exponential,4,y = 0.0180689·exp(-0.144379·(N/1e6)),-4.013564427560389,-0.1443787752437428,0.004533945720536003,0.003904484019399394,17.338569588982043,-138.9863705811693
update,no_extra_index,avg_elapsed_ms_per_operation,50,13,constant,1,y = 0.014864,0.014864030769230778,,1.1102230246251565e-16,0.0028296678107250068,14.774754465423282,-150.19385848159905
update,no_extra_index,avg_elapsed_ms_per_operation,50,13,logarithmic,2,y = 0.0172719 + -2.827117e-04·ln(N),0.017271940744110578,-0.0002827116775167825,0.0827100048550562,0.002710121632450069,13.02771163210796,-148.47980581914553
update,no_extra_index,avg_elapsed_ms_per_operation,50,13,linear,3,y = 0.015159 + -0.00406023·(N/1e6),0.015158991199140777,-0.0040602346345086195,0.04072634676648401,0.0027714478615452516,14.512730805894646,-147.8980204426663
update,no_extra_index,avg_elapsed_ms_per_operation,50,13,exponential,4,y = 0.014874·exp(-0.23488·(N/1e6)),-4.208137584685988,-0.2348798960257193,0.03350524418497547,0.002781859586943851,13.879374442828416,-147.80052712717344
update,simple_btree,avg_elapsed_ms_per_operation,50,13,logarithmic,1,y = 0.0206837 + -4.190007e-04·ln(N),0.020683740490379562,-0.0004190006779164507,0.08982713117645846,0.0038392256066648173,17.145707822045715,-139.42459953891677
update,simple_btree,avg_elapsed_ms_per_operation,50,13,linear,2,y = 0.0168085 + 0.00422018·(N/1e6),0.016808450798033957,0.00422018172973182,0.02175419539718182,0.003980207262435631,15.104238006114798,-138.486956011374
update,simple_btree,avg_elapsed_ms_per_operation,50,13,constant,3,y = 0.017115,0.01711503076923078,,-2.220446049250313e-16,0.004024219774428257,16.077855087208963,-141.03739366224062
update,simple_btree,avg_elapsed_ms_per_operation,50,13,exponential,4,y = 0.0163545·exp(0.301036·(N/1e6)),-4.113252466715829,0.3010356852896057,0.011476799858828324,0.00400106055176205,14.40551136206471,-138.35109119167925
update,unique_btree,avg_elapsed_ms_per_operation,50,13,logarithmic,1,y = 0.01845 + -2.443709e-04·ln(N),0.018450030718956397,-0.00024437085658419604,0.060106450418297985,0.002781627267652325,15.651197178984944,-147.80269853576704
update,unique_btree,avg_elapsed_ms_per_operation,50,13,linear,2,y = 0.0165736 + -0.00282148·(N/1e6),0.01657364669491431,-0.002821481399709797,0.01912842810422788,0.0028416178640568407,15.864673598644252,-147.24792468274413
update,unique_btree,avg_elapsed_ms_per_operation,50,13,constant,3,y = 0.0163687,0.016368676923076933,,0.0,0.002869191928629664,15.699856145144617,-149.83320965379417
update,unique_btree,avg_elapsed_ms_per_operation,50,13,exponential,4,y = 0.01631·exp(-0.16761·(N/1e6)),-4.11597597404552,-0.16760989440809537,0.012564522870812,0.002851109937388212,15.719075765570523,-147.16121962887934
update,expression_index,avg_total_elapsed_ms,50,13,logarithmic,1,y = -0.45133 + 1.55808·ln(N),-0.45133023045963644,1.5580836506800255,0.4298081864111535,5.165765028084575,95.5062027209565,47.89338344271054
update,expression_index,avg_total_elapsed_ms,50,13,linear,2,y = 11.5418 + 17.5839·(N/1e6),11.541767529141046,17.583886193526595,0.13068493051602492,6.378414862002058,182.38700113757386,53.37590991863469
update,expression_index,avg_total_elapsed_ms,50,13,constant,3,y = 12.8192,12.819169230769237,,2.220446049250313e-16,6.841071963615128,204.80755593557066,52.3601917823674
update,expression_index,avg_total_elapsed_ms,50,13,exponential,4,y = 7.9737·exp(2.26144·(N/1e6)),2.0761485516055806,2.2614414576768525,-0.14453689882982057,7.318786160780964,138.87421708049825,56.95155671901298
update,function_index,avg_total_elapsed_ms,50,13,logarithmic,1,y = -1.44567 + 1.7519·ln(N),-1.4456708414014336,1.751898204190546,0.5689866478881453,4.389084296695802,83.61096462111345,43.65713603881505
update,function_index,avg_total_elapsed_ms,50,13,linear,2,y = 12.4495 + 14.124·(N/1e6),12.449531612822689,14.123982457968198,0.08828792702769428,6.383478688606349,175.28842601809012,53.396543141768724
update,function_index,avg_total_elapsed_ms,50,13,constant,3,y = 13.4756,13.475584615384623,,-2.220446049250313e-16,6.68541790119432,191.3971454414232,51.761783132196456
update,function_index,avg_total_elapsed_ms,50,13,exponential,4,y = 8.80713·exp(1.9357·(N/1e6)),2.175561432788752,1.9356969702042846,-0.20604910458748726,7.341943789742898,135.46023759864494,57.03369435551478
update,no_extra_index,avg_total_elapsed_ms,50,13,constant,1,y = 11.048,11.04804615384616,,-2.220446049250313e-16,5.92172943821383,169.80840143383392,48.60797843135912
update,no_extra_index,avg_total_elapsed_ms,50,13,logarithmic,2,y = -1.09909 + 1.42619·ln(N),-1.0990902700366,1.4261900782202324,0.4806170353720417,4.267685538489143,72.98611800470253,42.927862947661396
update,no_extra_index,avg_total_elapsed_ms,50,13,linear,3,y = 10.3273 + 9.92092·(N/1e6),10.327329534107118,9.920919162015629,0.055520171763429604,5.754994384373702,157.68605207664638,50.701769726171605
update,no_extra_index,avg_total_elapsed_ms,50,13,exponential,4,y = 7.2499·exp(1.8452·(N/1e6)),1.9809882756631532,1.845195849422309,-0.20721854861445665,6.5064112552160775,119.56828509142588,53.892488981171915
update,simple_btree,avg_total_elapsed_ms,50,13,logarithmic,1,y = -3.28813 + 1.82282·ln(N),-3.2881294093164932,1.8228168489963295,0.7441997929016866,3.0762344951790306,47.334093577469446,34.41636334606795
update,simple_btree,avg_total_elapsed_ms,50,13,linear,2,y = 10.6321 + 22.0939·(N/1e6),10.632117513000466,22.093892768947477,0.2610060658561678,5.22864827957539,119.73968412283939,48.20797252760931
update,simple_btree,avg_total_elapsed_ms,50,13,constant,3,y = 12.2372,12.23715384615385,,0.0,6.08231617125422,139.18248450958944,49.303661252660866
update,simple_btree,avg_total_elapsed_ms,50,13,exponential,4,y = 7.97151·exp(2.38111·(N/1e6)),2.075873393633312,2.3811114307376364,-0.034285476107585255,6.185705008581433,100.71779354970103,52.57826564079884
update,unique_btree,avg_total_elapsed_ms,50,13,logarithmic,1,y = -0.538934 + 1.51364·ln(N),-0.5389336197948437,1.5136363975854792,0.48720620999765274,4.469997327139853,92.43345824991552,44.132083077420226
update,unique_btree,avg_total_elapsed_ms,50,13,linear,2,y = 11.4895 + 11.8864·(N/1e6),11.489499959125567,11.886383451257643,0.07172520591028331,6.014148727842067,173.68217096452386,51.84698517778688
update,unique_btree,avg_total_elapsed_ms,50,13,constant,3,y = 12.353,12.353000000000005,,-2.220446049250313e-16,6.2421742075116,187.43955737450898,49.978178725631324
update,unique_btree,avg_total_elapsed_ms,50,13,exponential,4,y = 7.94982·exp(1.91247·(N/1e6)),2.073149886303622,1.9124658510399313,-0.22477014775186688,6.908172619615927,131.75231289650674,55.45033385673221
