index_type,trigger_mode,rows_base,run_no,chunk_count,chunk_size,affected_rows,trigger_rows,total_elapsed_ms,avg_elapsed_ms_per_row,measured_at
expression_index,without_trigger,10,1,100,10,1000,0,31.774000,0.03177400000000000000,2026-05-14 04:54:36.10107
expression_index,without_trigger,10,2,100,10,1000,0,65.740000,0.06574000000000000000,2026-05-14 04:54:36.167453
expression_index,without_trigger,10,3,100,10,1000,0,93.607000,0.09360700000000000000,2026-05-14 04:54:36.261775
expression_index,without_trigger,10,4,100,10,1000,0,126.768000,0.12676800000000000000,2026-05-14 04:54:36.389206
expression_index,without_trigger,10,5,100,10,1000,0,156.887000,0.15688700000000000000,2026-05-14 04:54:36.546868
expression_index,with_trigger,10,1,100,10,1000,1000,42.075000,0.04207500000000000000,2026-05-14 04:54:36.606932
expression_index,with_trigger,10,2,100,10,1000,1000,71.310000,0.07131000000000000000,2026-05-14 04:54:36.678914
expression_index,with_trigger,10,3,100,10,1000,1000,107.757000,0.10775700000000000000,2026-05-14 04:54:36.787358
expression_index,with_trigger,10,4,100,10,1000,1000,329.448000,0.32944800000000000000,2026-05-14 04:54:37.117625
expression_index,with_trigger,10,5,100,10,1000,1000,223.091000,0.22309100000000000000,2026-05-14 04:54:37.342222
function_index,without_trigger,10,1,100,10,1000,0,25.941000,0.02594100000000000000,2026-05-14 04:54:37.387167
function_index,without_trigger,10,2,100,10,1000,0,51.199000,0.05119900000000000000,2026-05-14 04:54:37.439026
function_index,without_trigger,10,3,100,10,1000,0,75.506000,0.07550600000000000000,2026-05-14 04:54:37.515187
function_index,without_trigger,10,4,100,10,1000,0,96.104000,0.09610400000000000000,2026-05-14 04:54:37.611912
function_index,without_trigger,10,5,100,10,1000,0,204.901000,0.20490100000000000000,2026-05-14 04:54:37.817465
function_index,with_trigger,10,1,100,10,1000,1000,34.196000,0.03419600000000000000,2026-05-14 04:54:37.871064
function_index,with_trigger,10,2,100,10,1000,1000,55.379000,0.05537900000000000000,2026-05-14 04:54:37.927228
function_index,with_trigger,10,3,100,10,1000,1000,81.369000,0.08136900000000000000,2026-05-14 04:54:38.009281
function_index,with_trigger,10,4,100,10,1000,1000,142.616000,0.14261600000000000000,2026-05-14 04:54:38.152804
function_index,with_trigger,10,5,100,10,1000,1000,164.641000,0.16464100000000000000,2026-05-14 04:54:38.318292
no_extra_index,without_trigger,10,1,100,10,1000,0,8.132000,0.00813200000000000000,2026-05-14 04:54:34.511479
no_extra_index,without_trigger,10,2,100,10,1000,0,10.129000,0.01012900000000000000,2026-05-14 04:54:34.522261
no_extra_index,without_trigger,10,3,100,10,1000,0,12.295000,0.01229500000000000000,2026-05-14 04:54:34.535197
no_extra_index,without_trigger,10,4,100,10,1000,0,13.489000,0.01348900000000000000,2026-05-14 04:54:34.549475
no_extra_index,without_trigger,10,5,100,10,1000,0,19.732000,0.01973200000000000000,2026-05-14 04:54:34.569875
no_lookup_index,without_trigger,10,1,100,10,1000,0,11.486000,0.01148600000000000000,2026-05-14 04:54:34.431131
no_lookup_index,without_trigger,10,2,100,10,1000,0,8.496000,0.00849600000000000000,2026-05-14 04:54:34.441107
no_lookup_index,without_trigger,10,3,100,10,1000,0,10.566000,0.01056600000000000000,2026-05-14 04:54:34.452476
no_lookup_index,without_trigger,10,4,100,10,1000,0,11.924000,0.01192400000000000000,2026-05-14 04:54:34.46511
no_lookup_index,without_trigger,10,5,100,10,1000,0,15.002000,0.01500200000000000000,2026-05-14 04:54:34.481298
simple_btree,without_trigger,10,1,100,10,1000,0,18.424000,0.01842400000000000000,2026-05-14 04:54:34.60594
simple_btree,without_trigger,10,2,100,10,1000,0,40.400000,0.04040000000000000000,2026-05-14 04:54:34.647113
simple_btree,without_trigger,10,3,100,10,1000,0,57.105000,0.05710500000000000000,2026-05-14 04:54:34.70498
simple_btree,without_trigger,10,4,100,10,1000,0,80.029000,0.08002900000000000000,2026-05-14 04:54:34.786365
simple_btree,without_trigger,10,5,100,10,1000,0,110.221000,0.11022100000000000000,2026-05-14 04:54:34.897373
simple_btree,with_trigger,10,1,100,10,1000,1000,30.933000,0.03093300000000000000,2026-05-14 04:54:34.985289
simple_btree,with_trigger,10,2,100,10,1000,1000,57.463000,0.05746300000000000000,2026-05-14 04:54:35.043508
simple_btree,with_trigger,10,3,100,10,1000,1000,94.915000,0.09491500000000000000,2026-05-14 04:54:35.13954
simple_btree,with_trigger,10,4,100,10,1000,1000,86.081000,0.08608100000000000000,2026-05-14 04:54:35.226355
simple_btree,with_trigger,10,5,100,10,1000,1000,100.246000,0.10024600000000000000,2026-05-14 04:54:35.327467
unique_btree,without_trigger,10,1,100,10,1000,0,24.601000,0.02460100000000000000,2026-05-14 04:54:35.369648
unique_btree,without_trigger,10,2,100,10,1000,0,39.011000,0.03901100000000000000,2026-05-14 04:54:35.409375
unique_btree,without_trigger,10,3,100,10,1000,0,55.602000,0.05560200000000000000,2026-05-14 04:54:35.465673
unique_btree,without_trigger,10,4,100,10,1000,0,76.100000,0.07610000000000000000,2026-05-14 04:54:35.542452
unique_btree,without_trigger,10,5,100,10,1000,0,90.170000,0.09017000000000000000,2026-05-14 04:54:35.633269
unique_btree,with_trigger,10,1,100,10,1000,1000,77.144000,0.07714400000000000000,2026-05-14 04:54:35.752493
unique_btree,with_trigger,10,2,100,10,1000,1000,45.242000,0.04524200000000000000,2026-05-14 04:54:35.798346
unique_btree,with_trigger,10,3,100,10,1000,1000,63.332000,0.06333200000000000000,2026-05-14 04:54:35.862314
unique_btree,with_trigger,10,4,100,10,1000,1000,83.753000,0.08375300000000000000,2026-05-14 04:54:35.946832
unique_btree,with_trigger,10,5,100,10,1000,1000,104.363000,0.10436300000000000000,2026-05-14 04:54:36.051848
expression_index,without_trigger,25,1,100,10,1000,0,25.196000,0.02519600000000000000,2026-05-14 04:54:39.520785
expression_index,without_trigger,25,2,100,10,1000,0,40.630000,0.04063000000000000000,2026-05-14 04:54:39.562079
expression_index,without_trigger,25,3,100,10,1000,0,54.175000,0.05417500000000000000,2026-05-14 04:54:39.616859
expression_index,without_trigger,25,4,100,10,1000,0,78.616000,0.07861600000000000000,2026-05-14 04:54:39.69618
expression_index,without_trigger,25,5,100,10,1000,0,117.845000,0.11784500000000000000,2026-05-14 04:54:39.814852
expression_index,with_trigger,25,1,100,10,1000,1000,37.407000,0.03740700000000000000,2026-05-14 04:54:39.872063
expression_index,with_trigger,25,2,100,10,1000,1000,53.900000,0.05390000000000000000,2026-05-14 04:54:39.926844
expression_index,with_trigger,25,3,100,10,1000,1000,78.518000,0.07851800000000000000,2026-05-14 04:54:40.00614
expression_index,with_trigger,25,4,100,10,1000,1000,102.715000,0.10271500000000000000,2026-05-14 04:54:40.10979
expression_index,with_trigger,25,5,100,10,1000,1000,153.447000,0.15344700000000000000,2026-05-14 04:54:40.264423
function_index,without_trigger,25,1,100,10,1000,0,18.400000,0.01840000000000000000,2026-05-14 04:54:40.303383
function_index,without_trigger,25,2,100,10,1000,0,90.329000,0.09032900000000000000,2026-05-14 04:54:40.394633
function_index,without_trigger,25,3,100,10,1000,0,47.528000,0.04752800000000000000,2026-05-14 04:54:40.443412
function_index,without_trigger,25,4,100,10,1000,0,46.648000,0.04664800000000000000,2026-05-14 04:54:40.490986
function_index,without_trigger,25,5,100,10,1000,0,61.160000,0.06116000000000000000,2026-05-14 04:54:40.552979
function_index,with_trigger,25,1,100,10,1000,1000,36.076000,0.03607600000000000000,2026-05-14 04:54:40.608153
function_index,with_trigger,25,2,100,10,1000,1000,35.149000,0.03514900000000000000,2026-05-14 04:54:40.644058
function_index,with_trigger,25,3,100,10,1000,1000,64.892000,0.06489200000000000000,2026-05-14 04:54:40.709684
function_index,with_trigger,25,4,100,10,1000,1000,107.389000,0.10738900000000000000,2026-05-14 04:54:40.818113
function_index,with_trigger,25,5,100,10,1000,1000,64.622000,0.06462200000000000000,2026-05-14 04:54:40.88341
no_extra_index,without_trigger,25,1,100,10,1000,0,11.810000,0.01181000000000000000,2026-05-14 04:54:38.43956
no_extra_index,without_trigger,25,2,100,10,1000,0,15.113000,0.01511300000000000000,2026-05-14 04:54:38.455458
no_extra_index,without_trigger,25,3,100,10,1000,0,21.155000,0.02115500000000000000,2026-05-14 04:54:38.477382
no_extra_index,without_trigger,25,4,100,10,1000,0,22.758000,0.02275800000000000000,2026-05-14 04:54:38.501107
no_extra_index,without_trigger,25,5,100,10,1000,0,19.691000,0.01969100000000000000,2026-05-14 04:54:38.52156
no_lookup_index,without_trigger,25,1,100,10,1000,0,9.149000,0.00914900000000000000,2026-05-14 04:54:38.345555
no_lookup_index,without_trigger,25,2,100,10,1000,0,9.917000,0.00991700000000000000,2026-05-14 04:54:38.356173
no_lookup_index,without_trigger,25,3,100,10,1000,0,13.900000,0.01390000000000000000,2026-05-14 04:54:38.370713
no_lookup_index,without_trigger,25,4,100,10,1000,0,17.947000,0.01794700000000000000,2026-05-14 04:54:38.389337
no_lookup_index,without_trigger,25,5,100,10,1000,0,21.009000,0.02100900000000000000,2026-05-14 04:54:38.411045
simple_btree,without_trigger,25,1,100,10,1000,0,14.839000,0.01483900000000000000,2026-05-14 04:54:38.553021
simple_btree,without_trigger,25,2,100,10,1000,0,26.751000,0.02675100000000000000,2026-05-14 04:54:38.580743
simple_btree,without_trigger,25,3,100,10,1000,0,34.279000,0.03427900000000000000,2026-05-14 04:54:38.615681
simple_btree,without_trigger,25,4,100,10,1000,0,43.924000,0.04392400000000000000,2026-05-14 04:54:38.660374
simple_btree,without_trigger,25,5,100,10,1000,0,80.761000,0.08076100000000000000,2026-05-14 04:54:38.741983
simple_btree,with_trigger,25,1,100,10,1000,1000,26.348000,0.02634800000000000000,2026-05-14 04:54:38.813938
simple_btree,with_trigger,25,2,100,10,1000,1000,33.879000,0.03387900000000000000,2026-05-14 04:54:38.849104
simple_btree,with_trigger,25,3,100,10,1000,1000,41.527000,0.04152700000000000000,2026-05-14 04:54:38.891446
simple_btree,with_trigger,25,4,100,10,1000,1000,46.225000,0.04622500000000000000,2026-05-14 04:54:38.938616
simple_btree,with_trigger,25,5,100,10,1000,1000,110.031000,0.11003100000000000000,2026-05-14 04:54:39.049271
unique_btree,without_trigger,25,1,100,10,1000,0,15.305000,0.01530500000000000000,2026-05-14 04:54:39.082467
unique_btree,without_trigger,25,2,100,10,1000,0,27.926000,0.02792600000000000000,2026-05-14 04:54:39.111583
unique_btree,without_trigger,25,3,100,10,1000,0,33.528000,0.03352800000000000000,2026-05-14 04:54:39.145833
unique_btree,without_trigger,25,4,100,10,1000,0,53.881000,0.05388100000000000000,2026-05-14 04:54:39.2004
unique_btree,without_trigger,25,5,100,10,1000,0,51.089000,0.05108900000000000000,2026-05-14 04:54:39.252157
unique_btree,with_trigger,25,1,100,10,1000,1000,25.037000,0.02503700000000000000,2026-05-14 04:54:39.294264
unique_btree,with_trigger,25,2,100,10,1000,1000,33.558000,0.03355800000000000000,2026-05-14 04:54:39.328515
unique_btree,with_trigger,25,3,100,10,1000,1000,45.773000,0.04577300000000000000,2026-05-14 04:54:39.374891
unique_btree,with_trigger,25,4,100,10,1000,1000,45.964000,0.04596400000000000000,2026-05-14 04:54:39.421483
unique_btree,with_trigger,25,5,100,10,1000,1000,54.402000,0.05440200000000000000,2026-05-14 04:54:39.476754
expression_index,without_trigger,50,1,100,10,1000,0,18.550000,0.01855000000000000000,2026-05-14 04:54:41.886408
expression_index,without_trigger,50,2,100,10,1000,0,28.941000,0.02894100000000000000,2026-05-14 04:54:41.916116
expression_index,without_trigger,50,3,100,10,1000,0,36.957000,0.03695700000000000000,2026-05-14 04:54:41.95369
expression_index,without_trigger,50,4,100,10,1000,0,44.744000,0.04474400000000000000,2026-05-14 04:54:41.99933
expression_index,without_trigger,50,5,100,10,1000,0,103.959000,0.10395900000000000000,2026-05-14 04:54:42.104081
expression_index,with_trigger,50,1,100,10,1000,1000,30.683000,0.03068300000000000000,2026-05-14 04:54:42.164499
expression_index,with_trigger,50,2,100,10,1000,1000,41.324000,0.04132400000000000000,2026-05-14 04:54:42.206721
expression_index,with_trigger,50,3,100,10,1000,1000,49.764000,0.04976400000000000000,2026-05-14 04:54:42.257407
expression_index,with_trigger,50,4,100,10,1000,1000,56.036000,0.05603600000000000000,2026-05-14 04:54:42.314416
expression_index,with_trigger,50,5,100,10,1000,1000,70.419000,0.07041900000000000000,2026-05-14 04:54:42.385591
function_index,without_trigger,50,1,100,10,1000,0,17.569000,0.01756900000000000000,2026-05-14 04:54:42.423833
function_index,without_trigger,50,2,100,10,1000,0,117.517000,0.11751700000000000000,2026-05-14 04:54:42.542074
function_index,without_trigger,50,3,100,10,1000,0,29.511000,0.02951100000000000000,2026-05-14 04:54:42.572524
function_index,without_trigger,50,4,100,10,1000,0,31.126000,0.03112600000000000000,2026-05-14 04:54:42.604706
function_index,without_trigger,50,5,100,10,1000,0,34.070000,0.03407000000000000000,2026-05-14 04:54:42.639463
function_index,with_trigger,50,1,100,10,1000,1000,22.327000,0.02232700000000000000,2026-05-14 04:54:42.679491
function_index,with_trigger,50,2,100,10,1000,1000,27.910000,0.02791000000000000000,2026-05-14 04:54:42.708139
function_index,with_trigger,50,3,100,10,1000,1000,40.675000,0.04067500000000000000,2026-05-14 04:54:42.749494
function_index,with_trigger,50,4,100,10,1000,1000,59.785000,0.05978500000000000000,2026-05-14 04:54:42.810204
function_index,with_trigger,50,5,100,10,1000,1000,55.885000,0.05588500000000000000,2026-05-14 04:54:42.867279
no_extra_index,without_trigger,50,1,100,10,1000,0,10.853000,0.01085300000000000000,2026-05-14 04:54:41.029039
no_extra_index,without_trigger,50,2,100,10,1000,0,16.397000,0.01639700000000000000,2026-05-14 04:54:41.046026
no_extra_index,without_trigger,50,3,100,10,1000,0,17.676000,0.01767600000000000000,2026-05-14 04:54:41.064416
no_extra_index,without_trigger,50,4,100,10,1000,0,25.162000,0.02516200000000000000,2026-05-14 04:54:41.090245
no_extra_index,without_trigger,50,5,100,10,1000,0,32.036000,0.03203600000000000000,2026-05-14 04:54:41.122923
no_lookup_index,without_trigger,50,1,100,10,1000,0,9.263000,0.00926300000000000000,2026-05-14 04:54:40.910848
no_lookup_index,without_trigger,50,2,100,10,1000,0,14.378000,0.01437800000000000000,2026-05-14 04:54:40.9262
no_lookup_index,without_trigger,50,3,100,10,1000,0,17.829000,0.01782900000000000000,2026-05-14 04:54:40.944878
no_lookup_index,without_trigger,50,4,100,10,1000,0,23.333000,0.02333300000000000000,2026-05-14 04:54:40.968879
no_lookup_index,without_trigger,50,5,100,10,1000,0,29.920000,0.02992000000000000000,2026-05-14 04:54:40.999558
simple_btree,without_trigger,50,1,100,10,1000,0,19.971000,0.01997100000000000000,2026-05-14 04:54:41.167905
simple_btree,without_trigger,50,2,100,10,1000,0,26.633000,0.02663300000000000000,2026-05-14 04:54:41.196061
simple_btree,without_trigger,50,3,100,10,1000,0,30.744000,0.03074400000000000000,2026-05-14 04:54:41.227453
simple_btree,without_trigger,50,4,100,10,1000,0,26.025000,0.02602500000000000000,2026-05-14 04:54:41.254095
simple_btree,without_trigger,50,5,100,10,1000,0,35.867000,0.03586700000000000000,2026-05-14 04:54:41.290554
simple_btree,with_trigger,50,1,100,10,1000,1000,20.144000,0.02014400000000000000,2026-05-14 04:54:41.329
simple_btree,with_trigger,50,2,100,10,1000,1000,24.531000,0.02453100000000000000,2026-05-14 04:54:41.354501
simple_btree,with_trigger,50,3,100,10,1000,1000,32.349000,0.03234900000000000000,2026-05-14 04:54:41.38746
simple_btree,with_trigger,50,4,100,10,1000,1000,33.679000,0.03367900000000000000,2026-05-14 04:54:41.421901
simple_btree,with_trigger,50,5,100,10,1000,1000,38.477000,0.03847700000000000000,2026-05-14 04:54:41.460999
unique_btree,without_trigger,50,1,100,10,1000,0,12.131000,0.01213100000000000000,2026-05-14 04:54:41.490214
unique_btree,without_trigger,50,2,100,10,1000,0,18.914000,0.01891400000000000000,2026-05-14 04:54:41.509811
unique_btree,without_trigger,50,3,100,10,1000,0,87.474000,0.08747400000000000000,2026-05-14 04:54:41.598039
unique_btree,without_trigger,50,4,100,10,1000,0,25.531000,0.02553100000000000000,2026-05-14 04:54:41.624158
unique_btree,without_trigger,50,5,100,10,1000,0,32.192000,0.03219200000000000000,2026-05-14 04:54:41.657195
unique_btree,with_trigger,50,1,100,10,1000,1000,21.453000,0.02145300000000000000,2026-05-14 04:54:41.696898
unique_btree,with_trigger,50,2,100,10,1000,1000,27.816000,0.02781600000000000000,2026-05-14 04:54:41.725843
unique_btree,with_trigger,50,3,100,10,1000,1000,35.501000,0.03550100000000000000,2026-05-14 04:54:41.762149
unique_btree,with_trigger,50,4,100,10,1000,1000,44.802000,0.04480200000000000000,2026-05-14 04:54:41.807682
unique_btree,with_trigger,50,5,100,10,1000,1000,39.328000,0.03932800000000000000,2026-05-14 04:54:41.847739
expression_index,without_trigger,100,1,100,10,1000,0,21.953000,0.02195300000000000000,2026-05-14 04:54:43.860786
expression_index,without_trigger,100,2,100,10,1000,0,19.148000,0.01914800000000000000,2026-05-14 04:54:43.880969
expression_index,without_trigger,100,3,100,10,1000,0,30.326000,0.03032600000000000000,2026-05-14 04:54:43.912353
expression_index,without_trigger,100,4,100,10,1000,0,29.894000,0.02989400000000000000,2026-05-14 04:54:43.942932
expression_index,without_trigger,100,5,100,10,1000,0,33.378000,0.03337800000000000000,2026-05-14 04:54:43.977278
expression_index,with_trigger,100,1,100,10,1000,1000,34.854000,0.03485400000000000000,2026-05-14 04:54:44.034497
expression_index,with_trigger,100,2,100,10,1000,1000,28.675000,0.02867500000000000000,2026-05-14 04:54:44.06487
expression_index,with_trigger,100,3,100,10,1000,1000,43.106000,0.04310600000000000000,2026-05-14 04:54:44.108771
expression_index,with_trigger,100,4,100,10,1000,1000,63.616000,0.06361600000000000000,2026-05-14 04:54:44.17318
expression_index,with_trigger,100,5,100,10,1000,1000,68.376000,0.06837600000000000000,2026-05-14 04:54:44.249167
function_index,without_trigger,100,1,100,10,1000,0,16.787000,0.01678700000000000000,2026-05-14 04:54:44.284084
function_index,without_trigger,100,2,100,10,1000,0,17.787000,0.01778700000000000000,2026-05-14 04:54:44.302652
function_index,without_trigger,100,3,100,10,1000,0,22.097000,0.02209700000000000000,2026-05-14 04:54:44.325503
function_index,without_trigger,100,4,100,10,1000,0,21.821000,0.02182100000000000000,2026-05-14 04:54:44.348074
function_index,without_trigger,100,5,100,10,1000,0,24.578000,0.02457800000000000000,2026-05-14 04:54:44.373326
function_index,with_trigger,100,1,100,10,1000,1000,25.373000,0.02537300000000000000,2026-05-14 04:54:44.419601
function_index,with_trigger,100,2,100,10,1000,1000,27.612000,0.02761200000000000000,2026-05-14 04:54:44.448109
function_index,with_trigger,100,3,100,10,1000,1000,32.477000,0.03247700000000000000,2026-05-14 04:54:44.481361
function_index,with_trigger,100,4,100,10,1000,1000,35.257000,0.03525700000000000000,2026-05-14 04:54:44.517481
function_index,with_trigger,100,5,100,10,1000,1000,35.233000,0.03523300000000000000,2026-05-14 04:54:44.553438
no_extra_index,without_trigger,100,1,100,10,1000,0,15.133000,0.01513300000000000000,2026-05-14 04:54:43.162083
no_extra_index,without_trigger,100,2,100,10,1000,0,17.870000,0.01787000000000000000,2026-05-14 04:54:43.180642
no_extra_index,without_trigger,100,3,100,10,1000,0,23.498000,0.02349800000000000000,2026-05-14 04:54:43.205035
no_extra_index,without_trigger,100,4,100,10,1000,0,22.663000,0.02266300000000000000,2026-05-14 04:54:43.228506
no_extra_index,without_trigger,100,5,100,10,1000,0,23.846000,0.02384600000000000000,2026-05-14 04:54:43.253005
no_lookup_index,without_trigger,100,1,100,10,1000,0,16.508000,0.01650800000000000000,2026-05-14 04:54:42.904969
no_lookup_index,without_trigger,100,2,100,10,1000,0,20.548000,0.02054800000000000000,2026-05-14 04:54:42.926544
no_lookup_index,without_trigger,100,3,100,10,1000,0,33.619000,0.03361900000000000000,2026-05-14 04:54:42.961236
no_lookup_index,without_trigger,100,4,100,10,1000,0,97.737000,0.09773700000000000000,2026-05-14 04:54:43.059912
no_lookup_index,without_trigger,100,5,100,10,1000,0,62.444000,0.06244400000000000000,2026-05-14 04:54:43.123233
simple_btree,without_trigger,100,1,100,10,1000,0,15.795000,0.01579500000000000000,2026-05-14 04:54:43.28865
simple_btree,without_trigger,100,2,100,10,1000,0,13.410000,0.01341000000000000000,2026-05-14 04:54:43.302839
simple_btree,without_trigger,100,3,100,10,1000,0,22.807000,0.02280700000000000000,2026-05-14 04:54:43.326285
simple_btree,without_trigger,100,4,100,10,1000,0,22.059000,0.02205900000000000000,2026-05-14 04:54:43.349314
simple_btree,without_trigger,100,5,100,10,1000,0,24.177000,0.02417700000000000000,2026-05-14 04:54:43.374223
simple_btree,with_trigger,100,1,100,10,1000,1000,25.879000,0.02587900000000000000,2026-05-14 04:54:43.420139
simple_btree,with_trigger,100,2,100,10,1000,1000,21.193000,0.02119300000000000000,2026-05-14 04:54:43.442578
simple_btree,with_trigger,100,3,100,10,1000,1000,30.359000,0.03035900000000000000,2026-05-14 04:54:43.474223
simple_btree,with_trigger,100,4,100,10,1000,1000,30.509000,0.03050900000000000000,2026-05-14 04:54:43.505599
simple_btree,with_trigger,100,5,100,10,1000,1000,32.672000,0.03267200000000000000,2026-05-14 04:54:43.539066
unique_btree,without_trigger,100,1,100,10,1000,0,17.324000,0.01732400000000000000,2026-05-14 04:54:43.57797
unique_btree,without_trigger,100,2,100,10,1000,0,16.376000,0.01637600000000000000,2026-05-14 04:54:43.595213
unique_btree,without_trigger,100,3,100,10,1000,0,20.403000,0.02040300000000000000,2026-05-14 04:54:43.616288
unique_btree,without_trigger,100,4,100,10,1000,0,19.345000,0.01934500000000000000,2026-05-14 04:54:43.636316
unique_btree,without_trigger,100,5,100,10,1000,0,23.357000,0.02335700000000000000,2026-05-14 04:54:43.660411
unique_btree,with_trigger,100,1,100,10,1000,1000,24.665000,0.02466500000000000000,2026-05-14 04:54:43.704156
unique_btree,with_trigger,100,2,100,10,1000,1000,22.220000,0.02222000000000000000,2026-05-14 04:54:43.727014
unique_btree,with_trigger,100,3,100,10,1000,1000,28.506000,0.02850600000000000000,2026-05-14 04:54:43.7563
unique_btree,with_trigger,100,4,100,10,1000,1000,28.213000,0.02821300000000000000,2026-05-14 04:54:43.785236
unique_btree,with_trigger,100,5,100,10,1000,1000,32.762000,0.03276200000000000000,2026-05-14 04:54:43.818796
expression_index,without_trigger,250,1,100,10,1000,0,30.522000,0.03052200000000000000,2026-05-14 04:54:45.496819
expression_index,without_trigger,250,2,100,10,1000,0,29.757000,0.02975700000000000000,2026-05-14 04:54:45.527535
expression_index,without_trigger,250,3,100,10,1000,0,21.039000,0.02103900000000000000,2026-05-14 04:54:45.549783
expression_index,without_trigger,250,4,100,10,1000,0,22.298000,0.02229800000000000000,2026-05-14 04:54:45.572871
expression_index,without_trigger,250,5,100,10,1000,0,34.740000,0.03474000000000000000,2026-05-14 04:54:45.610211
expression_index,with_trigger,250,1,100,10,1000,1000,31.597000,0.03159700000000000000,2026-05-14 04:54:45.664326
expression_index,with_trigger,250,2,100,10,1000,1000,30.802000,0.03080200000000000000,2026-05-14 04:54:45.696291
expression_index,with_trigger,250,3,100,10,1000,1000,31.318000,0.03131800000000000000,2026-05-14 04:54:45.728456
expression_index,with_trigger,250,4,100,10,1000,1000,31.582000,0.03158200000000000000,2026-05-14 04:54:45.761212
expression_index,with_trigger,250,5,100,10,1000,1000,39.674000,0.03967400000000000000,2026-05-14 04:54:45.801656
function_index,without_trigger,250,1,100,10,1000,0,10.967000,0.01096700000000000000,2026-05-14 04:54:45.831637
function_index,without_trigger,250,2,100,10,1000,0,15.068000,0.01506800000000000000,2026-05-14 04:54:45.847462
function_index,without_trigger,250,3,100,10,1000,0,13.399000,0.01339900000000000000,2026-05-14 04:54:45.861548
function_index,without_trigger,250,4,100,10,1000,0,13.829000,0.01382900000000000000,2026-05-14 04:54:45.876183
function_index,without_trigger,250,5,100,10,1000,0,20.918000,0.02091800000000000000,2026-05-14 04:54:45.897736
function_index,with_trigger,250,1,100,10,1000,1000,22.955000,0.02295500000000000000,2026-05-14 04:54:45.943248
function_index,with_trigger,250,2,100,10,1000,1000,23.981000,0.02398100000000000000,2026-05-14 04:54:45.967969
function_index,with_trigger,250,3,100,10,1000,1000,26.986000,0.02698600000000000000,2026-05-14 04:54:45.995857
function_index,with_trigger,250,4,100,10,1000,1000,21.907000,0.02190700000000000000,2026-05-14 04:54:46.018483
function_index,with_trigger,250,5,100,10,1000,1000,35.664000,0.03566400000000000000,2026-05-14 04:54:46.054988
no_extra_index,without_trigger,250,1,100,10,1000,0,11.700000,0.01170000000000000000,2026-05-14 04:54:44.697772
no_extra_index,without_trigger,250,2,100,10,1000,0,16.588000,0.01658800000000000000,2026-05-14 04:54:44.715492
no_extra_index,without_trigger,250,3,100,10,1000,0,11.861000,0.01186100000000000000,2026-05-14 04:54:44.727987
no_extra_index,without_trigger,250,4,100,10,1000,0,15.483000,0.01548300000000000000,2026-05-14 04:54:44.744292
no_extra_index,without_trigger,250,5,100,10,1000,0,23.422000,0.02342200000000000000,2026-05-14 04:54:44.768858
no_lookup_index,without_trigger,250,1,100,10,1000,0,12.163000,0.01216300000000000000,2026-05-14 04:54:44.586544
no_lookup_index,without_trigger,250,2,100,10,1000,0,18.109000,0.01810900000000000000,2026-05-14 04:54:44.605405
no_lookup_index,without_trigger,250,3,100,10,1000,0,14.184000,0.01418400000000000000,2026-05-14 04:54:44.620421
no_lookup_index,without_trigger,250,4,100,10,1000,0,18.352000,0.01835200000000000000,2026-05-14 04:54:44.639643
no_lookup_index,without_trigger,250,5,100,10,1000,0,26.129000,0.02612900000000000000,2026-05-14 04:54:44.66649
simple_btree,without_trigger,250,1,100,10,1000,0,12.734000,0.01273400000000000000,2026-05-14 04:54:44.80267
simple_btree,without_trigger,250,2,100,10,1000,0,14.368000,0.01436800000000000000,2026-05-14 04:54:44.817695
simple_btree,without_trigger,250,3,100,10,1000,0,13.657000,0.01365700000000000000,2026-05-14 04:54:44.832112
simple_btree,without_trigger,250,4,100,10,1000,0,16.853000,0.01685300000000000000,2026-05-14 04:54:44.849797
simple_btree,without_trigger,250,5,100,10,1000,0,21.253000,0.02125300000000000000,2026-05-14 04:54:44.872048
simple_btree,with_trigger,250,1,100,10,1000,1000,23.654000,0.02365400000000000000,2026-05-14 04:54:44.916576
simple_btree,with_trigger,250,2,100,10,1000,1000,23.423000,0.02342300000000000000,2026-05-14 04:54:44.941091
simple_btree,with_trigger,250,3,100,10,1000,1000,21.126000,0.02112600000000000000,2026-05-14 04:54:44.962951
simple_btree,with_trigger,250,4,100,10,1000,1000,26.264000,0.02626400000000000000,2026-05-14 04:54:44.989858
simple_btree,with_trigger,250,5,100,10,1000,1000,34.544000,0.03454400000000000000,2026-05-14 04:54:45.025081
unique_btree,without_trigger,250,1,100,10,1000,0,17.028000,0.01702800000000000000,2026-05-14 04:54:45.06566
unique_btree,without_trigger,250,2,100,10,1000,0,16.890000,0.01689000000000000000,2026-05-14 04:54:45.083324
unique_btree,without_trigger,250,3,100,10,1000,0,14.605000,0.01460500000000000000,2026-05-14 04:54:45.098767
unique_btree,without_trigger,250,4,100,10,1000,0,17.238000,0.01723800000000000000,2026-05-14 04:54:45.116975
unique_btree,without_trigger,250,5,100,10,1000,0,54.913000,0.05491300000000000000,2026-05-14 04:54:45.173273
unique_btree,with_trigger,250,1,100,10,1000,1000,95.141000,0.09514100000000000000,2026-05-14 04:54:45.310392
unique_btree,with_trigger,250,2,100,10,1000,1000,41.666000,0.04166600000000000000,2026-05-14 04:54:45.353228
unique_btree,with_trigger,250,3,100,10,1000,1000,29.013000,0.02901300000000000000,2026-05-14 04:54:45.383281
unique_btree,with_trigger,250,4,100,10,1000,1000,26.481000,0.02648100000000000000,2026-05-14 04:54:45.410625
unique_btree,with_trigger,250,5,100,10,1000,1000,32.573000,0.03257300000000000000,2026-05-14 04:54:45.443956
expression_index,without_trigger,500,1,100,10,1000,0,30.623000,0.03062300000000000000,2026-05-14 04:54:47.433397
expression_index,without_trigger,500,2,100,10,1000,0,57.982000,0.05798200000000000000,2026-05-14 04:54:47.492382
expression_index,without_trigger,500,3,100,10,1000,0,40.400000,0.04040000000000000000,2026-05-14 04:54:47.533704
expression_index,without_trigger,500,4,100,10,1000,0,47.201000,0.04720100000000000000,2026-05-14 04:54:47.581948
expression_index,without_trigger,500,5,100,10,1000,0,27.435000,0.02743500000000000000,2026-05-14 04:54:47.610262
expression_index,with_trigger,500,1,100,10,1000,1000,31.597000,0.03159700000000000000,2026-05-14 04:54:47.666378
expression_index,with_trigger,500,2,100,10,1000,1000,38.545000,0.03854500000000000000,2026-05-14 04:54:47.705801
expression_index,with_trigger,500,3,100,10,1000,1000,29.308000,0.02930800000000000000,2026-05-14 04:54:47.735707
expression_index,with_trigger,500,4,100,10,1000,1000,56.990000,0.05699000000000000000,2026-05-14 04:54:47.793459
expression_index,with_trigger,500,5,100,10,1000,1000,45.678000,0.04567800000000000000,2026-05-14 04:54:47.840368
function_index,without_trigger,500,1,100,10,1000,0,21.585000,0.02158500000000000000,2026-05-14 04:54:47.892905
function_index,without_trigger,500,2,100,10,1000,0,18.497000,0.01849700000000000000,2026-05-14 04:54:47.912363
function_index,without_trigger,500,3,100,10,1000,0,18.253000,0.01825300000000000000,2026-05-14 04:54:47.931376
function_index,without_trigger,500,4,100,10,1000,0,34.915000,0.03491500000000000000,2026-05-14 04:54:47.967201
function_index,without_trigger,500,5,100,10,1000,0,31.409000,0.03140900000000000000,2026-05-14 04:54:47.999669
function_index,with_trigger,500,1,100,10,1000,1000,29.324000,0.02932400000000000000,2026-05-14 04:54:48.056057
function_index,with_trigger,500,2,100,10,1000,1000,31.950000,0.03195000000000000000,2026-05-14 04:54:48.088705
function_index,with_trigger,500,3,100,10,1000,1000,27.166000,0.02716600000000000000,2026-05-14 04:54:48.116704
function_index,with_trigger,500,4,100,10,1000,1000,51.462000,0.05146200000000000000,2026-05-14 04:54:48.168901
function_index,with_trigger,500,5,100,10,1000,1000,30.737000,0.03073700000000000000,2026-05-14 04:54:48.200423
no_extra_index,without_trigger,500,1,100,10,1000,0,21.219000,0.02121900000000000000,2026-05-14 04:54:46.252103
no_extra_index,without_trigger,500,2,100,10,1000,0,18.306000,0.01830600000000000000,2026-05-14 04:54:46.271231
no_extra_index,without_trigger,500,3,100,10,1000,0,15.152000,0.01515200000000000000,2026-05-14 04:54:46.287066
no_extra_index,without_trigger,500,4,100,10,1000,0,21.337000,0.02133700000000000000,2026-05-14 04:54:46.30925
no_extra_index,without_trigger,500,5,100,10,1000,0,24.531000,0.02453100000000000000,2026-05-14 04:54:46.334686
no_lookup_index,without_trigger,500,1,100,10,1000,0,10.891000,0.01089100000000000000,2026-05-14 04:54:46.086276
no_lookup_index,without_trigger,500,2,100,10,1000,0,17.333000,0.01733300000000000000,2026-05-14 04:54:46.104354
no_lookup_index,without_trigger,500,3,100,10,1000,0,18.142000,0.01814200000000000000,2026-05-14 04:54:46.123394
no_lookup_index,without_trigger,500,4,100,10,1000,0,16.977000,0.01697700000000000000,2026-05-14 04:54:46.141154
no_lookup_index,without_trigger,500,5,100,10,1000,0,34.378000,0.03437800000000000000,2026-05-14 04:54:46.176286
simple_btree,without_trigger,500,1,100,10,1000,0,16.701000,0.01670100000000000000,2026-05-14 04:54:46.379736
simple_btree,without_trigger,500,2,100,10,1000,0,19.482000,0.01948200000000000000,2026-05-14 04:54:46.401132
simple_btree,without_trigger,500,3,100,10,1000,0,25.612000,0.02561200000000000000,2026-05-14 04:54:46.427847
simple_btree,without_trigger,500,4,100,10,1000,0,24.449000,0.02444900000000000000,2026-05-14 04:54:46.453272
simple_btree,without_trigger,500,5,100,10,1000,0,26.102000,0.02610200000000000000,2026-05-14 04:54:46.480409
simple_btree,with_trigger,500,1,100,10,1000,1000,451.177000,0.45117700000000000000,2026-05-14 04:54:46.956988
simple_btree,with_trigger,500,2,100,10,1000,1000,33.831000,0.03383100000000000000,2026-05-14 04:54:46.991589
simple_btree,with_trigger,500,3,100,10,1000,1000,29.534000,0.02953400000000000000,2026-05-14 04:54:47.022726
simple_btree,with_trigger,500,4,100,10,1000,1000,32.219000,0.03221900000000000000,2026-05-14 04:54:47.055839
simple_btree,with_trigger,500,5,100,10,1000,1000,28.920000,0.02892000000000000000,2026-05-14 04:54:47.085488
unique_btree,without_trigger,500,1,100,10,1000,0,11.664000,0.01166400000000000000,2026-05-14 04:54:47.12049
unique_btree,without_trigger,500,2,100,10,1000,0,18.223000,0.01822300000000000000,2026-05-14 04:54:47.139458
unique_btree,without_trigger,500,3,100,10,1000,0,14.915000,0.01491500000000000000,2026-05-14 04:54:47.155129
unique_btree,without_trigger,500,4,100,10,1000,0,27.967000,0.02796700000000000000,2026-05-14 04:54:47.183942
unique_btree,without_trigger,500,5,100,10,1000,0,22.833000,0.02283300000000000000,2026-05-14 04:54:47.207695
unique_btree,with_trigger,500,1,100,10,1000,1000,21.825000,0.02182500000000000000,2026-05-14 04:54:47.253712
unique_btree,with_trigger,500,2,100,10,1000,1000,23.213000,0.02321300000000000000,2026-05-14 04:54:47.277786
unique_btree,with_trigger,500,3,100,10,1000,1000,23.163000,0.02316300000000000000,2026-05-14 04:54:47.301816
unique_btree,with_trigger,500,4,100,10,1000,1000,40.258000,0.04025800000000000000,2026-05-14 04:54:47.343082
unique_btree,with_trigger,500,5,100,10,1000,1000,30.206000,0.03020600000000000000,2026-05-14 04:54:47.374584
expression_index,without_trigger,1000,1,100,10,1000,0,17.762000,0.01776200000000000000,2026-05-14 04:54:49.128234
expression_index,without_trigger,1000,2,100,10,1000,0,21.412000,0.02141200000000000000,2026-05-14 04:54:49.150559
expression_index,without_trigger,1000,3,100,10,1000,0,28.642000,0.02864200000000000000,2026-05-14 04:54:49.18011
expression_index,without_trigger,1000,4,100,10,1000,0,24.249000,0.02424900000000000000,2026-05-14 04:54:49.205427
expression_index,without_trigger,1000,5,100,10,1000,0,16.510000,0.01651000000000000000,2026-05-14 04:54:49.222624
expression_index,with_trigger,1000,1,100,10,1000,1000,35.930000,0.03593000000000000000,2026-05-14 04:54:49.291752
expression_index,with_trigger,1000,2,100,10,1000,1000,27.883000,0.02788300000000000000,2026-05-14 04:54:49.320351
expression_index,with_trigger,1000,3,100,10,1000,1000,24.273000,0.02427300000000000000,2026-05-14 04:54:49.345404
expression_index,with_trigger,1000,4,100,10,1000,1000,30.872000,0.03087200000000000000,2026-05-14 04:54:49.377177
expression_index,with_trigger,1000,5,100,10,1000,1000,23.668000,0.02366800000000000000,2026-05-14 04:54:49.401621
function_index,without_trigger,1000,1,100,10,1000,0,15.422000,0.01542200000000000000,2026-05-14 04:54:49.443192
function_index,without_trigger,1000,2,100,10,1000,0,19.854000,0.01985400000000000000,2026-05-14 04:54:49.464025
function_index,without_trigger,1000,3,100,10,1000,0,40.940000,0.04094000000000000000,2026-05-14 04:54:49.507616
function_index,without_trigger,1000,4,100,10,1000,0,30.067000,0.03006700000000000000,2026-05-14 04:54:49.53875
function_index,without_trigger,1000,5,100,10,1000,0,36.557000,0.03655700000000000000,2026-05-14 04:54:49.576264
function_index,with_trigger,1000,1,100,10,1000,1000,27.415000,0.02741500000000000000,2026-05-14 04:54:49.64153
function_index,with_trigger,1000,2,100,10,1000,1000,21.938000,0.02193800000000000000,2026-05-14 04:54:49.664235
function_index,with_trigger,1000,3,100,10,1000,1000,24.404000,0.02440400000000000000,2026-05-14 04:54:49.689468
function_index,with_trigger,1000,4,100,10,1000,1000,24.589000,0.02458900000000000000,2026-05-14 04:54:49.714895
function_index,with_trigger,1000,5,100,10,1000,1000,19.640000,0.01964000000000000000,2026-05-14 04:54:49.73543
no_extra_index,without_trigger,1000,1,100,10,1000,0,13.168000,0.01316800000000000000,2026-05-14 04:54:48.452611
no_extra_index,without_trigger,1000,2,100,10,1000,0,14.448000,0.01444800000000000000,2026-05-14 04:54:48.468048
no_extra_index,without_trigger,1000,3,100,10,1000,0,12.568000,0.01256800000000000000,2026-05-14 04:54:48.48121
no_extra_index,without_trigger,1000,4,100,10,1000,0,27.330000,0.02733000000000000000,2026-05-14 04:54:48.509526
no_extra_index,without_trigger,1000,5,100,10,1000,0,19.937000,0.01993700000000000000,2026-05-14 04:54:48.530368
no_lookup_index,without_trigger,1000,1,100,10,1000,0,17.563000,0.01756300000000000000,2026-05-14 04:54:48.243782
no_lookup_index,without_trigger,1000,2,100,10,1000,0,99.394000,0.09939400000000000000,2026-05-14 04:54:48.343992
no_lookup_index,without_trigger,1000,3,100,10,1000,0,30.748000,0.03074800000000000000,2026-05-14 04:54:48.375585
no_lookup_index,without_trigger,1000,4,100,10,1000,0,19.761000,0.01976100000000000000,2026-05-14 04:54:48.396126
no_lookup_index,without_trigger,1000,5,100,10,1000,0,18.408000,0.01840800000000000000,2026-05-14 04:54:48.41526
simple_btree,without_trigger,1000,1,100,10,1000,0,22.111000,0.02211100000000000000,2026-05-14 04:54:48.584066
simple_btree,without_trigger,1000,2,100,10,1000,0,20.757000,0.02075700000000000000,2026-05-14 04:54:48.60571
simple_btree,without_trigger,1000,3,100,10,1000,0,19.399000,0.01939900000000000000,2026-05-14 04:54:48.626111
simple_btree,without_trigger,1000,4,100,10,1000,0,13.922000,0.01392200000000000000,2026-05-14 04:54:48.640805
simple_btree,without_trigger,1000,5,100,10,1000,0,11.629000,0.01162900000000000000,2026-05-14 04:54:48.653278
simple_btree,with_trigger,1000,1,100,10,1000,1000,24.301000,0.02430100000000000000,2026-05-14 04:54:48.704836
simple_btree,with_trigger,1000,2,100,10,1000,1000,22.334000,0.02233400000000000000,2026-05-14 04:54:48.728253
simple_btree,with_trigger,1000,3,100,10,1000,1000,30.979000,0.03097900000000000000,2026-05-14 04:54:48.76015
simple_btree,with_trigger,1000,4,100,10,1000,1000,27.367000,0.02736700000000000000,2026-05-14 04:54:48.788204
simple_btree,with_trigger,1000,5,100,10,1000,1000,21.514000,0.02151400000000000000,2026-05-14 04:54:48.810597
unique_btree,without_trigger,1000,1,100,10,1000,0,12.948000,0.01294800000000000000,2026-05-14 04:54:48.847987
unique_btree,without_trigger,1000,2,100,10,1000,0,14.323000,0.01432300000000000000,2026-05-14 04:54:48.863171
unique_btree,without_trigger,1000,3,100,10,1000,0,28.657000,0.02865700000000000000,2026-05-14 04:54:48.89267
unique_btree,without_trigger,1000,4,100,10,1000,0,16.374000,0.01637400000000000000,2026-05-14 04:54:48.909753
unique_btree,without_trigger,1000,5,100,10,1000,0,11.772000,0.01177200000000000000,2026-05-14 04:54:48.922217
unique_btree,with_trigger,1000,1,100,10,1000,1000,26.342000,0.02634200000000000000,2026-05-14 04:54:48.972039
unique_btree,with_trigger,1000,2,100,10,1000,1000,25.098000,0.02509800000000000000,2026-05-14 04:54:48.998092
unique_btree,with_trigger,1000,3,100,10,1000,1000,36.660000,0.03666000000000000000,2026-05-14 04:54:49.035718
unique_btree,with_trigger,1000,4,100,10,1000,1000,23.536000,0.02353600000000000000,2026-05-14 04:54:49.060019
unique_btree,with_trigger,1000,5,100,10,1000,1000,21.306000,0.02130600000000000000,2026-05-14 04:54:49.082376
expression_index,without_trigger,2500,1,100,10,1000,0,24.514000,0.02451400000000000000,2026-05-14 04:54:50.944853
expression_index,without_trigger,2500,2,100,10,1000,0,17.164000,0.01716400000000000000,2026-05-14 04:54:50.962825
expression_index,without_trigger,2500,3,100,10,1000,0,29.137000,0.02913700000000000000,2026-05-14 04:54:50.99266
expression_index,without_trigger,2500,4,100,10,1000,0,26.299000,0.02629900000000000000,2026-05-14 04:54:51.019801
expression_index,without_trigger,2500,5,100,10,1000,0,22.359000,0.02235900000000000000,2026-05-14 04:54:51.043087
expression_index,with_trigger,2500,1,100,10,1000,1000,34.335000,0.03433500000000000000,2026-05-14 04:54:51.117417
expression_index,with_trigger,2500,2,100,10,1000,1000,23.465000,0.02346500000000000000,2026-05-14 04:54:51.141701
expression_index,with_trigger,2500,3,100,10,1000,1000,27.946000,0.02794600000000000000,2026-05-14 04:54:51.170344
expression_index,with_trigger,2500,4,100,10,1000,1000,28.586000,0.02858600000000000000,2026-05-14 04:54:51.199612
expression_index,with_trigger,2500,5,100,10,1000,1000,24.793000,0.02479300000000000000,2026-05-14 04:54:51.225123
function_index,without_trigger,2500,1,100,10,1000,0,14.659000,0.01465900000000000000,2026-05-14 04:54:51.279036
function_index,without_trigger,2500,2,100,10,1000,0,13.314000,0.01331400000000000000,2026-05-14 04:54:51.293078
function_index,without_trigger,2500,3,100,10,1000,0,14.660000,0.01466000000000000000,2026-05-14 04:54:51.308433
function_index,without_trigger,2500,4,100,10,1000,0,14.409000,0.01440900000000000000,2026-05-14 04:54:51.323957
function_index,without_trigger,2500,5,100,10,1000,0,15.797000,0.01579700000000000000,2026-05-14 04:54:51.340762
function_index,with_trigger,2500,1,100,10,1000,1000,23.147000,0.02314700000000000000,2026-05-14 04:54:51.401461
function_index,with_trigger,2500,2,100,10,1000,1000,20.543000,0.02054300000000000000,2026-05-14 04:54:51.422649
function_index,with_trigger,2500,3,100,10,1000,1000,18.609000,0.01860900000000000000,2026-05-14 04:54:51.441938
function_index,with_trigger,2500,4,100,10,1000,1000,20.707000,0.02070700000000000000,2026-05-14 04:54:51.463297
function_index,with_trigger,2500,5,100,10,1000,1000,22.165000,0.02216500000000000000,2026-05-14 04:54:51.486262
no_extra_index,without_trigger,2500,1,100,10,1000,0,15.105000,0.01510500000000000000,2026-05-14 04:54:50.051695
no_extra_index,without_trigger,2500,2,100,10,1000,0,14.717000,0.01471700000000000000,2026-05-14 04:54:50.067255
no_extra_index,without_trigger,2500,3,100,10,1000,0,15.712000,0.01571200000000000000,2026-05-14 04:54:50.083749
no_extra_index,without_trigger,2500,4,100,10,1000,0,14.752000,0.01475200000000000000,2026-05-14 04:54:50.099303
no_extra_index,without_trigger,2500,5,100,10,1000,0,10.623000,0.01062300000000000000,2026-05-14 04:54:50.110596
no_lookup_index,without_trigger,2500,1,100,10,1000,0,32.900000,0.03290000000000000000,2026-05-14 04:54:49.800484
no_lookup_index,without_trigger,2500,2,100,10,1000,0,23.239000,0.02323900000000000000,2026-05-14 04:54:49.824414
no_lookup_index,without_trigger,2500,3,100,10,1000,0,28.091000,0.02809100000000000000,2026-05-14 04:54:49.853296
no_lookup_index,without_trigger,2500,4,100,10,1000,0,28.155000,0.02815500000000000000,2026-05-14 04:54:49.882325
no_lookup_index,without_trigger,2500,5,100,10,1000,0,28.595000,0.02859500000000000000,2026-05-14 04:54:49.91185
simple_btree,without_trigger,2500,1,100,10,1000,0,23.180000,0.02318000000000000000,2026-05-14 04:54:50.173364
simple_btree,without_trigger,2500,2,100,10,1000,0,13.086000,0.01308600000000000000,2026-05-14 04:54:50.18724
simple_btree,without_trigger,2500,3,100,10,1000,0,16.178000,0.01617800000000000000,2026-05-14 04:54:50.204589
simple_btree,without_trigger,2500,4,100,10,1000,0,20.678000,0.02067800000000000000,2026-05-14 04:54:50.226978
simple_btree,without_trigger,2500,5,100,10,1000,0,17.602000,0.01760200000000000000,2026-05-14 04:54:50.245546
simple_btree,with_trigger,2500,1,100,10,1000,1000,30.771000,0.03077100000000000000,2026-05-14 04:54:50.316751
simple_btree,with_trigger,2500,2,100,10,1000,1000,22.024000,0.02202400000000000000,2026-05-14 04:54:50.339692
simple_btree,with_trigger,2500,3,100,10,1000,1000,37.075000,0.03707500000000000000,2026-05-14 04:54:50.37767
simple_btree,with_trigger,2500,4,100,10,1000,1000,36.690000,0.03669000000000000000,2026-05-14 04:54:50.415412
simple_btree,with_trigger,2500,5,100,10,1000,1000,26.475000,0.02647500000000000000,2026-05-14 04:54:50.442792
unique_btree,without_trigger,2500,1,100,10,1000,0,28.766000,0.02876600000000000000,2026-05-14 04:54:50.522017
unique_btree,without_trigger,2500,2,100,10,1000,0,29.743000,0.02974300000000000000,2026-05-14 04:54:50.562194
unique_btree,without_trigger,2500,3,100,10,1000,0,38.068000,0.03806800000000000000,2026-05-14 04:54:50.601496
unique_btree,without_trigger,2500,4,100,10,1000,0,22.527000,0.02252700000000000000,2026-05-14 04:54:50.625284
unique_btree,without_trigger,2500,5,100,10,1000,0,38.941000,0.03894100000000000000,2026-05-14 04:54:50.665165
unique_btree,with_trigger,2500,1,100,10,1000,1000,29.625000,0.02962500000000000000,2026-05-14 04:54:50.757352
unique_btree,with_trigger,2500,2,100,10,1000,1000,36.575000,0.03657500000000000000,2026-05-14 04:54:50.794979
unique_btree,with_trigger,2500,3,100,10,1000,1000,24.543000,0.02454300000000000000,2026-05-14 04:54:50.820751
unique_btree,with_trigger,2500,4,100,10,1000,1000,26.542000,0.02654200000000000000,2026-05-14 04:54:50.848279
unique_btree,with_trigger,2500,5,100,10,1000,1000,21.782000,0.02178200000000000000,2026-05-14 04:54:50.87255
expression_index,without_trigger,5000,1,100,10,1000,0,18.483000,0.01848300000000000000,2026-05-14 04:54:52.767637
expression_index,without_trigger,5000,2,100,10,1000,0,16.249000,0.01624900000000000000,2026-05-14 04:54:52.784516
expression_index,without_trigger,5000,3,100,10,1000,0,12.374000,0.01237400000000000000,2026-05-14 04:54:52.797473
expression_index,without_trigger,5000,4,100,10,1000,0,17.612000,0.01761200000000000000,2026-05-14 04:54:52.815736
expression_index,without_trigger,5000,5,100,10,1000,0,27.468000,0.02746800000000000000,2026-05-14 04:54:52.844042
expression_index,with_trigger,5000,1,100,10,1000,1000,28.556000,0.02855600000000000000,2026-05-14 04:54:52.931042
expression_index,with_trigger,5000,2,100,10,1000,1000,21.556000,0.02155600000000000000,2026-05-14 04:54:52.953455
expression_index,with_trigger,5000,3,100,10,1000,1000,23.783000,0.02378300000000000000,2026-05-14 04:54:52.978192
expression_index,with_trigger,5000,4,100,10,1000,1000,24.773000,0.02477300000000000000,2026-05-14 04:54:53.003647
expression_index,with_trigger,5000,5,100,10,1000,1000,24.704000,0.02470400000000000000,2026-05-14 04:54:53.029237
function_index,without_trigger,5000,1,100,10,1000,0,11.973000,0.01197300000000000000,2026-05-14 04:54:53.083891
function_index,without_trigger,5000,2,100,10,1000,0,8.937000,0.00893700000000000000,2026-05-14 04:54:53.093422
function_index,without_trigger,5000,3,100,10,1000,0,9.602000,0.00960200000000000000,2026-05-14 04:54:53.103699
function_index,without_trigger,5000,4,100,10,1000,0,10.701000,0.01070100000000000000,2026-05-14 04:54:53.115034
function_index,without_trigger,5000,5,100,10,1000,0,10.394000,0.01039400000000000000,2026-05-14 04:54:53.126038
function_index,with_trigger,5000,1,100,10,1000,1000,19.788000,0.01978800000000000000,2026-05-14 04:54:53.186788
function_index,with_trigger,5000,2,100,10,1000,1000,19.268000,0.01926800000000000000,2026-05-14 04:54:53.20668
function_index,with_trigger,5000,3,100,10,1000,1000,17.307000,0.01730700000000000000,2026-05-14 04:54:53.224804
function_index,with_trigger,5000,4,100,10,1000,1000,20.118000,0.02011800000000000000,2026-05-14 04:54:53.24566
function_index,with_trigger,5000,5,100,10,1000,1000,18.347000,0.01834700000000000000,2026-05-14 04:54:53.264734
no_extra_index,without_trigger,5000,1,100,10,1000,0,14.270000,0.01427000000000000000,2026-05-14 04:54:51.878035
no_extra_index,without_trigger,5000,2,100,10,1000,0,11.210000,0.01121000000000000000,2026-05-14 04:54:51.890088
no_extra_index,without_trigger,5000,3,100,10,1000,0,10.408000,0.01040800000000000000,2026-05-14 04:54:51.901326
no_extra_index,without_trigger,5000,4,100,10,1000,0,11.459000,0.01145900000000000000,2026-05-14 04:54:51.913761
no_extra_index,without_trigger,5000,5,100,10,1000,0,11.405000,0.01140500000000000000,2026-05-14 04:54:51.926047
no_lookup_index,without_trigger,5000,1,100,10,1000,0,73.481000,0.07348100000000000000,2026-05-14 04:54:51.630202
no_lookup_index,without_trigger,5000,2,100,10,1000,0,46.856000,0.04685600000000000000,2026-05-14 04:54:51.678079
no_lookup_index,without_trigger,5000,3,100,10,1000,0,44.484000,0.04448400000000000000,2026-05-14 04:54:51.723334
no_lookup_index,without_trigger,5000,4,100,10,1000,0,46.368000,0.04636800000000000000,2026-05-14 04:54:51.770494
no_lookup_index,without_trigger,5000,5,100,10,1000,0,45.571000,0.04557100000000000000,2026-05-14 04:54:51.8169
simple_btree,without_trigger,5000,1,100,10,1000,0,24.450000,0.02445000000000000000,2026-05-14 04:54:52.001875
simple_btree,without_trigger,5000,2,100,10,1000,0,12.930000,0.01293000000000000000,2026-05-14 04:54:52.0155
simple_btree,without_trigger,5000,3,100,10,1000,0,13.616000,0.01361600000000000000,2026-05-14 04:54:52.029939
simple_btree,without_trigger,5000,4,100,10,1000,0,14.693000,0.01469300000000000000,2026-05-14 04:54:52.045267
simple_btree,without_trigger,5000,5,100,10,1000,0,12.764000,0.01276400000000000000,2026-05-14 04:54:52.058655
simple_btree,with_trigger,5000,1,100,10,1000,1000,25.529000,0.02552900000000000000,2026-05-14 04:54:52.186851
simple_btree,with_trigger,5000,2,100,10,1000,1000,18.004000,0.01800400000000000000,2026-05-14 04:54:52.205472
simple_btree,with_trigger,5000,3,100,10,1000,1000,16.886000,0.01688600000000000000,2026-05-14 04:54:52.222999
simple_btree,with_trigger,5000,4,100,10,1000,1000,20.124000,0.02012400000000000000,2026-05-14 04:54:52.243787
simple_btree,with_trigger,5000,5,100,10,1000,1000,19.735000,0.01973500000000000000,2026-05-14 04:54:52.264294
unique_btree,without_trigger,5000,1,100,10,1000,0,14.509000,0.01450900000000000000,2026-05-14 04:54:52.32496
unique_btree,without_trigger,5000,2,100,10,1000,0,10.994000,0.01099400000000000000,2026-05-14 04:54:52.33664
unique_btree,without_trigger,5000,3,100,10,1000,0,10.595000,0.01059500000000000000,2026-05-14 04:54:52.347897
unique_btree,without_trigger,5000,4,100,10,1000,0,11.478000,0.01147800000000000000,2026-05-14 04:54:52.359986
unique_btree,without_trigger,5000,5,100,10,1000,0,16.018000,0.01601800000000000000,2026-05-14 04:54:52.376831
unique_btree,with_trigger,5000,1,100,10,1000,1000,34.684000,0.03468400000000000000,2026-05-14 04:54:52.469445
unique_btree,with_trigger,5000,2,100,10,1000,1000,36.978000,0.03697800000000000000,2026-05-14 04:54:52.507285
unique_btree,with_trigger,5000,3,100,10,1000,1000,72.327000,0.07232700000000000000,2026-05-14 04:54:52.580673
unique_btree,with_trigger,5000,4,100,10,1000,1000,50.108000,0.05010800000000000000,2026-05-14 04:54:52.631794
unique_btree,with_trigger,5000,5,100,10,1000,1000,44.477000,0.04447700000000000000,2026-05-14 04:54:52.678587
expression_index,without_trigger,10000,1,100,10,1000,0,20.255000,0.02025500000000000000,2026-05-14 04:54:54.73629
expression_index,without_trigger,10000,2,100,10,1000,0,29.269000,0.02926900000000000000,2026-05-14 04:54:54.766176
expression_index,without_trigger,10000,3,100,10,1000,0,24.243000,0.02424300000000000000,2026-05-14 04:54:54.791043
expression_index,without_trigger,10000,4,100,10,1000,0,17.870000,0.01787000000000000000,2026-05-14 04:54:54.809648
expression_index,without_trigger,10000,5,100,10,1000,0,15.494000,0.01549400000000000000,2026-05-14 04:54:54.826033
expression_index,with_trigger,10000,1,100,10,1000,1000,24.049000,0.02404900000000000000,2026-05-14 04:54:54.944045
expression_index,with_trigger,10000,2,100,10,1000,1000,33.944000,0.03394400000000000000,2026-05-14 04:54:54.978726
expression_index,with_trigger,10000,3,100,10,1000,1000,28.968000,0.02896800000000000000,2026-05-14 04:54:55.008415
expression_index,with_trigger,10000,4,100,10,1000,1000,25.099000,0.02509900000000000000,2026-05-14 04:54:55.034228
expression_index,with_trigger,10000,5,100,10,1000,1000,23.611000,0.02361100000000000000,2026-05-14 04:54:55.058626
function_index,without_trigger,10000,1,100,10,1000,0,9.866000,0.00986600000000000000,2026-05-14 04:54:55.130905
function_index,without_trigger,10000,2,100,10,1000,0,16.745000,0.01674500000000000000,2026-05-14 04:54:55.148257
function_index,without_trigger,10000,3,100,10,1000,0,17.785000,0.01778500000000000000,2026-05-14 04:54:55.166652
function_index,without_trigger,10000,4,100,10,1000,0,15.594000,0.01559400000000000000,2026-05-14 04:54:55.182934
function_index,without_trigger,10000,5,100,10,1000,0,10.658000,0.01065800000000000000,2026-05-14 04:54:55.194412
function_index,with_trigger,10000,1,100,10,1000,1000,18.478000,0.01847800000000000000,2026-05-14 04:54:55.274889
function_index,with_trigger,10000,2,100,10,1000,1000,25.684000,0.02568400000000000000,2026-05-14 04:54:55.301452
function_index,with_trigger,10000,3,100,10,1000,1000,21.750000,0.02175000000000000000,2026-05-14 04:54:55.324917
function_index,with_trigger,10000,4,100,10,1000,1000,23.389000,0.02338900000000000000,2026-05-14 04:54:55.349058
function_index,with_trigger,10000,5,100,10,1000,1000,20.917000,0.02091700000000000000,2026-05-14 04:54:55.370867
no_extra_index,without_trigger,10000,1,100,10,1000,0,9.063000,0.00906300000000000000,2026-05-14 04:54:53.855694
no_extra_index,without_trigger,10000,2,100,10,1000,0,15.813000,0.01581300000000000000,2026-05-14 04:54:53.872137
no_extra_index,without_trigger,10000,3,100,10,1000,0,17.407000,0.01740700000000000000,2026-05-14 04:54:53.890279
no_extra_index,without_trigger,10000,4,100,10,1000,0,13.361000,0.01336100000000000000,2026-05-14 04:54:53.904227
no_extra_index,without_trigger,10000,5,100,10,1000,0,12.502000,0.01250200000000000000,2026-05-14 04:54:53.917501
no_lookup_index,without_trigger,10000,1,100,10,1000,0,58.791000,0.05879100000000000000,2026-05-14 04:54:53.382432
no_lookup_index,without_trigger,10000,2,100,10,1000,0,74.202000,0.07420200000000000000,2026-05-14 04:54:53.457675
no_lookup_index,without_trigger,10000,3,100,10,1000,0,71.019000,0.07101900000000000000,2026-05-14 04:54:53.529889
no_lookup_index,without_trigger,10000,4,100,10,1000,0,155.280000,0.15528000000000000000,2026-05-14 04:54:53.685994
no_lookup_index,without_trigger,10000,5,100,10,1000,0,77.781000,0.07778100000000000000,2026-05-14 04:54:53.76433
simple_btree,without_trigger,10000,1,100,10,1000,0,11.270000,0.01127000000000000000,2026-05-14 04:54:53.997973
simple_btree,without_trigger,10000,2,100,10,1000,0,19.230000,0.01923000000000000000,2026-05-14 04:54:54.017898
simple_btree,without_trigger,10000,3,100,10,1000,0,14.189000,0.01418900000000000000,2026-05-14 04:54:54.032787
simple_btree,without_trigger,10000,4,100,10,1000,0,15.617000,0.01561700000000000000,2026-05-14 04:54:54.049178
simple_btree,without_trigger,10000,5,100,10,1000,0,11.069000,0.01106900000000000000,2026-05-14 04:54:54.060842
simple_btree,with_trigger,10000,1,100,10,1000,1000,21.295000,0.02129500000000000000,2026-05-14 04:54:54.149101
simple_btree,with_trigger,10000,2,100,10,1000,1000,25.354000,0.02535400000000000000,2026-05-14 04:54:54.175291
simple_btree,with_trigger,10000,3,100,10,1000,1000,19.965000,0.01996500000000000000,2026-05-14 04:54:54.195874
simple_btree,with_trigger,10000,4,100,10,1000,1000,20.277000,0.02027700000000000000,2026-05-14 04:54:54.216792
simple_btree,with_trigger,10000,5,100,10,1000,1000,17.373000,0.01737300000000000000,2026-05-14 04:54:54.23478
unique_btree,without_trigger,10000,1,100,10,1000,0,10.363000,0.01036300000000000000,2026-05-14 04:54:54.319928
unique_btree,without_trigger,10000,2,100,10,1000,0,18.126000,0.01812600000000000000,2026-05-14 04:54:54.339527
unique_btree,without_trigger,10000,3,100,10,1000,0,16.766000,0.01676600000000000000,2026-05-14 04:54:54.356977
unique_btree,without_trigger,10000,4,100,10,1000,0,13.645000,0.01364500000000000000,2026-05-14 04:54:54.371234
unique_btree,without_trigger,10000,5,100,10,1000,0,8.518000,0.00851800000000000000,2026-05-14 04:54:54.380272
unique_btree,with_trigger,10000,1,100,10,1000,1000,18.109000,0.01810900000000000000,2026-05-14 04:54:54.457876
unique_btree,with_trigger,10000,2,100,10,1000,1000,26.014000,0.02601400000000000000,2026-05-14 04:54:54.48468
unique_btree,with_trigger,10000,3,100,10,1000,1000,20.802000,0.02080200000000000000,2026-05-14 04:54:54.506234
unique_btree,with_trigger,10000,4,100,10,1000,1000,19.569000,0.01956900000000000000,2026-05-14 04:54:54.526542
unique_btree,with_trigger,10000,5,100,10,1000,1000,17.177000,0.01717700000000000000,2026-05-14 04:54:54.544305
expression_index,without_trigger,25000,1,100,10,1000,0,16.117000,0.01611700000000000000,2026-05-14 04:54:58.054718
expression_index,without_trigger,25000,2,100,10,1000,0,19.977000,0.01997700000000000000,2026-05-14 04:54:58.07534
expression_index,without_trigger,25000,3,100,10,1000,0,22.277000,0.02227700000000000000,2026-05-14 04:54:58.098171
expression_index,without_trigger,25000,4,100,10,1000,0,22.927000,0.02292700000000000000,2026-05-14 04:54:58.1217
expression_index,without_trigger,25000,5,100,10,1000,0,19.344000,0.01934400000000000000,2026-05-14 04:54:58.141778
expression_index,with_trigger,25000,1,100,10,1000,1000,23.126000,0.02312600000000000000,2026-05-14 04:54:58.386934
expression_index,with_trigger,25000,2,100,10,1000,1000,24.230000,0.02423000000000000000,2026-05-14 04:54:58.411881
expression_index,with_trigger,25000,3,100,10,1000,1000,25.535000,0.02553500000000000000,2026-05-14 04:54:58.438077
expression_index,with_trigger,25000,4,100,10,1000,1000,30.696000,0.03069600000000000000,2026-05-14 04:54:58.469425
expression_index,with_trigger,25000,5,100,10,1000,1000,27.851000,0.02785100000000000000,2026-05-14 04:54:58.497984
function_index,without_trigger,25000,1,100,10,1000,0,29.947000,0.02994700000000000000,2026-05-14 04:54:58.724768
function_index,without_trigger,25000,2,100,10,1000,0,16.257000,0.01625700000000000000,2026-05-14 04:54:58.741879
function_index,without_trigger,25000,3,100,10,1000,0,14.792000,0.01479200000000000000,2026-05-14 04:54:58.757389
function_index,without_trigger,25000,4,100,10,1000,0,16.360000,0.01636000000000000000,2026-05-14 04:54:58.774566
function_index,without_trigger,25000,5,100,10,1000,0,19.832000,0.01983200000000000000,2026-05-14 04:54:58.796862
function_index,with_trigger,25000,1,100,10,1000,1000,30.575000,0.03057500000000000000,2026-05-14 04:54:58.987798
function_index,with_trigger,25000,2,100,10,1000,1000,26.561000,0.02656100000000000000,2026-05-14 04:54:59.015429
function_index,with_trigger,25000,3,100,10,1000,1000,46.831000,0.04683100000000000000,2026-05-14 04:54:59.063162
function_index,with_trigger,25000,4,100,10,1000,1000,31.415000,0.03141500000000000000,2026-05-14 04:54:59.096252
function_index,with_trigger,25000,5,100,10,1000,1000,25.439000,0.02543900000000000000,2026-05-14 04:54:59.122403
no_extra_index,without_trigger,25000,1,100,10,1000,0,15.311000,0.01531100000000000000,2026-05-14 04:54:56.671877
no_extra_index,without_trigger,25000,2,100,10,1000,0,16.178000,0.01617800000000000000,2026-05-14 04:54:56.689146
no_extra_index,without_trigger,25000,3,100,10,1000,0,21.328000,0.02132800000000000000,2026-05-14 04:54:56.711372
no_extra_index,without_trigger,25000,4,100,10,1000,0,17.763000,0.01776300000000000000,2026-05-14 04:54:56.730143
no_extra_index,without_trigger,25000,5,100,10,1000,0,18.375000,0.01837500000000000000,2026-05-14 04:54:56.749319
no_lookup_index,without_trigger,25000,1,100,10,1000,0,216.330000,0.21633000000000000000,2026-05-14 04:54:55.74492
no_lookup_index,without_trigger,25000,2,100,10,1000,0,159.607000,0.15960700000000000000,2026-05-14 04:54:55.905709
no_lookup_index,without_trigger,25000,3,100,10,1000,0,175.280000,0.17528000000000000000,2026-05-14 04:54:56.081759
no_lookup_index,without_trigger,25000,4,100,10,1000,0,232.556000,0.23255600000000000000,2026-05-14 04:54:56.315183
no_lookup_index,without_trigger,25000,5,100,10,1000,0,166.329000,0.16632900000000000000,2026-05-14 04:54:56.482236
simple_btree,without_trigger,25000,1,100,10,1000,0,9.286000,0.00928600000000000000,2026-05-14 04:54:56.890673
simple_btree,without_trigger,25000,2,100,10,1000,0,9.211000,0.00921100000000000000,2026-05-14 04:54:56.900403
simple_btree,without_trigger,25000,3,100,10,1000,0,9.530000,0.00953000000000000000,2026-05-14 04:54:56.910325
simple_btree,without_trigger,25000,4,100,10,1000,0,13.380000,0.01338000000000000000,2026-05-14 04:54:56.924151
simple_btree,without_trigger,25000,5,100,10,1000,0,15.894000,0.01589400000000000000,2026-05-14 04:54:56.940685
simple_btree,with_trigger,25000,1,100,10,1000,1000,17.446000,0.01744600000000000000,2026-05-14 04:54:57.120503
simple_btree,with_trigger,25000,2,100,10,1000,1000,19.229000,0.01922900000000000000,2026-05-14 04:54:57.14064
simple_btree,with_trigger,25000,3,100,10,1000,1000,21.316000,0.02131600000000000000,2026-05-14 04:54:57.162806
simple_btree,with_trigger,25000,4,100,10,1000,1000,21.666000,0.02166600000000000000,2026-05-14 04:54:57.185239
simple_btree,with_trigger,25000,5,100,10,1000,1000,22.849000,0.02284900000000000000,2026-05-14 04:54:57.208988
unique_btree,without_trigger,25000,1,100,10,1000,0,13.743000,0.01374300000000000000,2026-05-14 04:54:57.357049
unique_btree,without_trigger,25000,2,100,10,1000,0,15.586000,0.01558600000000000000,2026-05-14 04:54:57.373609
unique_btree,without_trigger,25000,3,100,10,1000,0,16.146000,0.01614600000000000000,2026-05-14 04:54:57.390789
unique_btree,without_trigger,25000,4,100,10,1000,0,16.920000,0.01692000000000000000,2026-05-14 04:54:57.408532
unique_btree,without_trigger,25000,5,100,10,1000,0,21.073000,0.02107300000000000000,2026-05-14 04:54:57.43025
unique_btree,with_trigger,25000,1,100,10,1000,1000,41.824000,0.04182400000000000000,2026-05-14 04:54:57.675534
unique_btree,with_trigger,25000,2,100,10,1000,1000,40.218000,0.04021800000000000000,2026-05-14 04:54:57.716695
unique_btree,with_trigger,25000,3,100,10,1000,1000,22.333000,0.02233300000000000000,2026-05-14 04:54:57.739955
unique_btree,with_trigger,25000,4,100,10,1000,1000,30.879000,0.03087900000000000000,2026-05-14 04:54:57.772128
unique_btree,with_trigger,25000,5,100,10,1000,1000,29.082000,0.02908200000000000000,2026-05-14 04:54:57.801896
expression_index,without_trigger,50000,1,100,10,1000,0,17.230000,0.01723000000000000000,2026-05-14 04:55:03.541995
expression_index,without_trigger,50000,2,100,10,1000,0,15.089000,0.01508900000000000000,2026-05-14 04:55:03.55763
expression_index,without_trigger,50000,3,100,10,1000,0,15.676000,0.01567600000000000000,2026-05-14 04:55:03.574077
expression_index,without_trigger,50000,4,100,10,1000,0,20.061000,0.02006100000000000000,2026-05-14 04:55:03.594724
expression_index,without_trigger,50000,5,100,10,1000,0,21.943000,0.02194300000000000000,2026-05-14 04:55:03.617211
expression_index,with_trigger,50000,1,100,10,1000,1000,24.355000,0.02435500000000000000,2026-05-14 04:55:04.113908
expression_index,with_trigger,50000,2,100,10,1000,1000,26.025000,0.02602500000000000000,2026-05-14 04:55:04.140606
expression_index,with_trigger,50000,3,100,10,1000,1000,27.630000,0.02763000000000000000,2026-05-14 04:55:04.169088
expression_index,with_trigger,50000,4,100,10,1000,1000,37.434000,0.03743400000000000000,2026-05-14 04:55:04.20722
expression_index,with_trigger,50000,5,100,10,1000,1000,35.034000,0.03503400000000000000,2026-05-14 04:55:04.243003
function_index,without_trigger,50000,1,100,10,1000,0,12.718000,0.01271800000000000000,2026-05-14 04:55:04.551664
function_index,without_trigger,50000,2,100,10,1000,0,16.693000,0.01669300000000000000,2026-05-14 04:55:04.569107
function_index,without_trigger,50000,3,100,10,1000,0,12.329000,0.01232900000000000000,2026-05-14 04:55:04.582157
function_index,without_trigger,50000,4,100,10,1000,0,16.048000,0.01604800000000000000,2026-05-14 04:55:04.598831
function_index,without_trigger,50000,5,100,10,1000,0,12.031000,0.01203100000000000000,2026-05-14 04:55:04.611454
function_index,with_trigger,50000,1,100,10,1000,1000,18.359000,0.01835900000000000000,2026-05-14 04:55:04.952214
function_index,with_trigger,50000,2,100,10,1000,1000,17.071000,0.01707100000000000000,2026-05-14 04:55:04.969992
function_index,with_trigger,50000,3,100,10,1000,1000,17.874000,0.01787400000000000000,2026-05-14 04:55:04.988525
function_index,with_trigger,50000,4,100,10,1000,1000,21.532000,0.02153200000000000000,2026-05-14 04:55:05.010758
function_index,with_trigger,50000,5,100,10,1000,1000,21.302000,0.02130200000000000000,2026-05-14 04:55:05.032891
no_extra_index,without_trigger,50000,1,100,10,1000,0,10.478000,0.01047800000000000000,2026-05-14 04:55:01.60003
no_extra_index,without_trigger,50000,2,100,10,1000,0,11.757000,0.01175700000000000000,2026-05-14 04:55:01.612544
no_extra_index,without_trigger,50000,3,100,10,1000,0,12.707000,0.01270700000000000000,2026-05-14 04:55:01.6259
no_extra_index,without_trigger,50000,4,100,10,1000,0,35.923000,0.03592300000000000000,2026-05-14 04:55:01.662861
no_extra_index,without_trigger,50000,5,100,10,1000,0,32.836000,0.03283600000000000000,2026-05-14 04:55:01.69655
no_lookup_index,without_trigger,50000,1,100,10,1000,0,442.725000,0.44272500000000000000,2026-05-14 04:54:59.855225
no_lookup_index,without_trigger,50000,2,100,10,1000,0,351.241000,0.35124100000000000000,2026-05-14 04:55:00.20725
no_lookup_index,without_trigger,50000,3,100,10,1000,0,306.926000,0.30692600000000000000,2026-05-14 04:55:00.515797
no_lookup_index,without_trigger,50000,4,100,10,1000,0,454.756000,0.45475600000000000000,2026-05-14 04:55:00.971545
no_lookup_index,without_trigger,50000,5,100,10,1000,0,341.535000,0.34153500000000000000,2026-05-14 04:55:01.314232
simple_btree,without_trigger,50000,1,100,10,1000,0,11.374000,0.01137400000000000000,2026-05-14 04:55:02.021264
simple_btree,without_trigger,50000,2,100,10,1000,0,13.095000,0.01309500000000000000,2026-05-14 04:55:02.03498
simple_btree,without_trigger,50000,3,100,10,1000,0,12.479000,0.01247900000000000000,2026-05-14 04:55:02.048091
simple_btree,without_trigger,50000,4,100,10,1000,0,18.337000,0.01833700000000000000,2026-05-14 04:55:02.067146
simple_btree,without_trigger,50000,5,100,10,1000,0,19.728000,0.01972800000000000000,2026-05-14 04:55:02.087638
simple_btree,with_trigger,50000,1,100,10,1000,1000,18.021000,0.01802100000000000000,2026-05-14 04:55:02.376154
simple_btree,with_trigger,50000,2,100,10,1000,1000,15.349000,0.01534900000000000000,2026-05-14 04:55:02.392168
simple_btree,with_trigger,50000,3,100,10,1000,1000,18.339000,0.01833900000000000000,2026-05-14 04:55:02.411055
simple_btree,with_trigger,50000,4,100,10,1000,1000,22.538000,0.02253800000000000000,2026-05-14 04:55:02.434425
simple_btree,with_trigger,50000,5,100,10,1000,1000,17.928000,0.01792800000000000000,2026-05-14 04:55:02.45298
unique_btree,without_trigger,50000,1,100,10,1000,0,11.756000,0.01175600000000000000,2026-05-14 04:55:02.7619
unique_btree,without_trigger,50000,2,100,10,1000,0,12.738000,0.01273800000000000000,2026-05-14 04:55:02.775217
unique_btree,without_trigger,50000,3,100,10,1000,0,14.835000,0.01483500000000000000,2026-05-14 04:55:02.790691
unique_btree,without_trigger,50000,4,100,10,1000,0,12.685000,0.01268500000000000000,2026-05-14 04:55:02.803988
unique_btree,without_trigger,50000,5,100,10,1000,0,11.551000,0.01155100000000000000,2026-05-14 04:55:02.816075
unique_btree,with_trigger,50000,1,100,10,1000,1000,17.959000,0.01795900000000000000,2026-05-14 04:55:03.08705
unique_btree,with_trigger,50000,2,100,10,1000,1000,19.064000,0.01906400000000000000,2026-05-14 04:55:03.106806
unique_btree,with_trigger,50000,3,100,10,1000,1000,19.566000,0.01956600000000000000,2026-05-14 04:55:03.127337
unique_btree,with_trigger,50000,4,100,10,1000,1000,19.316000,0.01931600000000000000,2026-05-14 04:55:03.147266
unique_btree,with_trigger,50000,5,100,10,1000,1000,20.765000,0.02076500000000000000,2026-05-14 04:55:03.16869
expression_index,without_trigger,100000,1,100,10,1000,0,19.827000,0.01982700000000000000,2026-05-14 04:55:12.600763
expression_index,without_trigger,100000,2,100,10,1000,0,18.839000,0.01883900000000000000,2026-05-14 04:55:12.620552
expression_index,without_trigger,100000,3,100,10,1000,0,20.335000,0.02033500000000000000,2026-05-14 04:55:12.641523
expression_index,without_trigger,100000,4,100,10,1000,0,30.842000,0.03084200000000000000,2026-05-14 04:55:12.67355
expression_index,without_trigger,100000,5,100,10,1000,0,34.247000,0.03424700000000000000,2026-05-14 04:55:12.708611
expression_index,with_trigger,100000,1,100,10,1000,1000,26.721000,0.02672100000000000000,2026-05-14 04:55:13.406018
expression_index,with_trigger,100000,2,100,10,1000,1000,23.105000,0.02310500000000000000,2026-05-14 04:55:13.430058
expression_index,with_trigger,100000,3,100,10,1000,1000,27.374000,0.02737400000000000000,2026-05-14 04:55:13.458147
expression_index,with_trigger,100000,4,100,10,1000,1000,29.508000,0.02950800000000000000,2026-05-14 04:55:13.488385
expression_index,with_trigger,100000,5,100,10,1000,1000,33.511000,0.03351100000000000000,2026-05-14 04:55:13.522597
function_index,without_trigger,100000,1,100,10,1000,0,12.321000,0.01232100000000000000,2026-05-14 04:55:14.025873
function_index,without_trigger,100000,2,100,10,1000,0,15.634000,0.01563400000000000000,2026-05-14 04:55:14.04213
function_index,without_trigger,100000,3,100,10,1000,0,15.059000,0.01505900000000000000,2026-05-14 04:55:14.058062
function_index,without_trigger,100000,4,100,10,1000,0,14.243000,0.01424300000000000000,2026-05-14 04:55:14.072878
function_index,without_trigger,100000,5,100,10,1000,0,12.808000,0.01280800000000000000,2026-05-14 04:55:14.086269
function_index,with_trigger,100000,1,100,10,1000,1000,20.050000,0.02005000000000000000,2026-05-14 04:55:14.548548
function_index,with_trigger,100000,2,100,10,1000,1000,21.213000,0.02121300000000000000,2026-05-14 04:55:14.570502
function_index,with_trigger,100000,3,100,10,1000,1000,20.605000,0.02060500000000000000,2026-05-14 04:55:14.591828
function_index,with_trigger,100000,4,100,10,1000,1000,22.193000,0.02219300000000000000,2026-05-14 04:55:14.614783
function_index,with_trigger,100000,5,100,10,1000,1000,28.082000,0.02808200000000000000,2026-05-14 04:55:14.64413
no_extra_index,without_trigger,100000,1,100,10,1000,0,11.480000,0.01148000000000000000,2026-05-14 04:55:09.463968
no_extra_index,without_trigger,100000,2,100,10,1000,0,11.498000,0.01149800000000000000,2026-05-14 04:55:09.47634
no_extra_index,without_trigger,100000,3,100,10,1000,0,11.404000,0.01140400000000000000,2026-05-14 04:55:09.488309
no_extra_index,without_trigger,100000,4,100,10,1000,0,11.967000,0.01196700000000000000,2026-05-14 04:55:09.500934
no_extra_index,without_trigger,100000,5,100,10,1000,0,10.875000,0.01087500000000000000,2026-05-14 04:55:09.512402
no_lookup_index,without_trigger,100000,1,100,10,1000,0,709.110000,0.70911000000000000000,2026-05-14 04:55:06.135749
no_lookup_index,without_trigger,100000,2,100,10,1000,0,759.617000,0.75961700000000000000,2026-05-14 04:55:06.896333
no_lookup_index,without_trigger,100000,3,100,10,1000,0,634.460000,0.63446000000000000000,2026-05-14 04:55:07.531566
no_lookup_index,without_trigger,100000,4,100,10,1000,0,721.794000,0.72179400000000000000,2026-05-14 04:55:08.254436
no_lookup_index,without_trigger,100000,5,100,10,1000,0,776.636000,0.77663600000000000000,2026-05-14 04:55:09.032023
simple_btree,without_trigger,100000,1,100,10,1000,0,12.205000,0.01220500000000000000,2026-05-14 04:55:10.03607
simple_btree,without_trigger,100000,2,100,10,1000,0,14.324000,0.01432400000000000000,2026-05-14 04:55:10.051322
simple_btree,without_trigger,100000,3,100,10,1000,0,13.660000,0.01366000000000000000,2026-05-14 04:55:10.065562
simple_btree,without_trigger,100000,4,100,10,1000,0,13.846000,0.01384600000000000000,2026-05-14 04:55:10.079976
simple_btree,without_trigger,100000,5,100,10,1000,0,14.790000,0.01479000000000000000,2026-05-14 04:55:10.095719
simple_btree,with_trigger,100000,1,100,10,1000,1000,22.149000,0.02214900000000000000,2026-05-14 04:55:10.59552
simple_btree,with_trigger,100000,2,100,10,1000,1000,23.760000,0.02376000000000000000,2026-05-14 04:55:10.62025
simple_btree,with_trigger,100000,3,100,10,1000,1000,22.427000,0.02242700000000000000,2026-05-14 04:55:10.643564
simple_btree,with_trigger,100000,4,100,10,1000,1000,24.847000,0.02484700000000000000,2026-05-14 04:55:10.669664
simple_btree,with_trigger,100000,5,100,10,1000,1000,19.956000,0.01995600000000000000,2026-05-14 04:55:10.690477
unique_btree,without_trigger,100000,1,100,10,1000,0,11.296000,0.01129600000000000000,2026-05-14 04:55:11.309276
unique_btree,without_trigger,100000,2,100,10,1000,0,11.852000,0.01185200000000000000,2026-05-14 04:55:11.321702
unique_btree,without_trigger,100000,3,100,10,1000,0,12.148000,0.01214800000000000000,2026-05-14 04:55:11.334484
unique_btree,without_trigger,100000,4,100,10,1000,0,12.885000,0.01288500000000000000,2026-05-14 04:55:11.347998
unique_btree,without_trigger,100000,5,100,10,1000,0,15.409000,0.01540900000000000000,2026-05-14 04:55:11.364128
unique_btree,with_trigger,100000,1,100,10,1000,1000,20.931000,0.02093100000000000000,2026-05-14 04:55:11.86901
unique_btree,with_trigger,100000,2,100,10,1000,1000,21.109000,0.02110900000000000000,2026-05-14 04:55:11.890792
unique_btree,with_trigger,100000,3,100,10,1000,1000,20.404000,0.02040400000000000000,2026-05-14 04:55:11.911865
unique_btree,with_trigger,100000,4,100,10,1000,1000,20.446000,0.02044600000000000000,2026-05-14 04:55:11.933005
unique_btree,with_trigger,100000,5,100,10,1000,1000,20.899000,0.02089900000000000000,2026-05-14 04:55:11.954843
expression_index,without_trigger,250000,1,100,10,1000,0,21.802000,0.02180200000000000000,2026-05-14 04:55:31.104393
expression_index,without_trigger,250000,2,100,10,1000,0,20.393000,0.02039300000000000000,2026-05-14 04:55:31.125385
expression_index,without_trigger,250000,3,100,10,1000,0,20.071000,0.02007100000000000000,2026-05-14 04:55:31.146161
expression_index,without_trigger,250000,4,100,10,1000,0,21.900000,0.02190000000000000000,2026-05-14 04:55:31.169005
expression_index,without_trigger,250000,5,100,10,1000,0,25.148000,0.02514800000000000000,2026-05-14 04:55:31.194892
expression_index,with_trigger,250000,1,100,10,1000,1000,27.735000,0.02773500000000000000,2026-05-14 04:55:32.935014
expression_index,with_trigger,250000,2,100,10,1000,1000,26.810000,0.02681000000000000000,2026-05-14 04:55:32.962742
expression_index,with_trigger,250000,3,100,10,1000,1000,27.216000,0.02721600000000000000,2026-05-14 04:55:32.990672
expression_index,with_trigger,250000,4,100,10,1000,1000,30.340000,0.03034000000000000000,2026-05-14 04:55:33.021666
expression_index,with_trigger,250000,5,100,10,1000,1000,31.228000,0.03122800000000000000,2026-05-14 04:55:33.054087
function_index,without_trigger,250000,1,100,10,1000,0,13.620000,0.01362000000000000000,2026-05-14 04:55:34.25817
function_index,without_trigger,250000,2,100,10,1000,0,15.060000,0.01506000000000000000,2026-05-14 04:55:34.274038
function_index,without_trigger,250000,3,100,10,1000,0,12.102000,0.01210200000000000000,2026-05-14 04:55:34.286835
function_index,without_trigger,250000,4,100,10,1000,0,13.449000,0.01344900000000000000,2026-05-14 04:55:34.30095
function_index,without_trigger,250000,5,100,10,1000,0,12.372000,0.01237200000000000000,2026-05-14 04:55:34.313979
function_index,with_trigger,250000,1,100,10,1000,1000,42.334000,0.04233400000000000000,2026-05-14 04:55:35.466155
function_index,with_trigger,250000,2,100,10,1000,1000,25.704000,0.02570400000000000000,2026-05-14 04:55:35.492836
function_index,with_trigger,250000,3,100,10,1000,1000,20.592000,0.02059200000000000000,2026-05-14 04:55:35.514352
function_index,with_trigger,250000,4,100,10,1000,1000,21.161000,0.02116100000000000000,2026-05-14 04:55:35.536175
function_index,with_trigger,250000,5,100,10,1000,1000,23.690000,0.02369000000000000000,2026-05-14 04:55:35.560892
no_extra_index,without_trigger,250000,1,100,10,1000,0,11.254000,0.01125400000000000000,2026-05-14 04:55:24.731099
no_extra_index,without_trigger,250000,2,100,10,1000,0,13.384000,0.01338400000000000000,2026-05-14 04:55:24.745218
no_extra_index,without_trigger,250000,3,100,10,1000,0,12.295000,0.01229500000000000000,2026-05-14 04:55:24.758251
no_extra_index,without_trigger,250000,4,100,10,1000,0,12.353000,0.01235300000000000000,2026-05-14 04:55:24.771198
no_extra_index,without_trigger,250000,5,100,10,1000,0,14.846000,0.01484600000000000000,2026-05-14 04:55:24.786607
no_lookup_index,without_trigger,250000,1,100,10,1000,0,1703.772000,1.7037720000000000,2026-05-14 04:55:17.226662
no_lookup_index,without_trigger,250000,2,100,10,1000,0,1542.258000,1.5422580000000000,2026-05-14 04:55:18.770088
no_lookup_index,without_trigger,250000,3,100,10,1000,0,1665.290000,1.6652900000000000,2026-05-14 04:55:20.436605
no_lookup_index,without_trigger,250000,4,100,10,1000,0,1658.543000,1.6585430000000000,2026-05-14 04:55:22.09602
no_lookup_index,without_trigger,250000,5,100,10,1000,0,1617.616000,1.6176160000000000,2026-05-14 04:55:23.714835
simple_btree,without_trigger,250000,1,100,10,1000,0,11.547000,0.01154700000000000000,2026-05-14 04:55:25.887468
simple_btree,without_trigger,250000,2,100,10,1000,0,26.232000,0.02623200000000000000,2026-05-14 04:55:25.914492
simple_btree,without_trigger,250000,3,100,10,1000,0,24.209000,0.02420900000000000000,2026-05-14 04:55:25.939614
simple_btree,without_trigger,250000,4,100,10,1000,0,30.619000,0.03061900000000000000,2026-05-14 04:55:25.971564
simple_btree,without_trigger,250000,5,100,10,1000,0,14.727000,0.01472700000000000000,2026-05-14 04:55:25.987181
simple_btree,with_trigger,250000,1,100,10,1000,1000,29.005000,0.02900500000000000000,2026-05-14 04:55:27.110168
simple_btree,with_trigger,250000,2,100,10,1000,1000,33.250000,0.03325000000000000000,2026-05-14 04:55:27.144364
simple_btree,with_trigger,250000,3,100,10,1000,1000,54.506000,0.05450600000000000000,2026-05-14 04:55:27.200355
simple_btree,with_trigger,250000,4,100,10,1000,1000,30.611000,0.03061100000000000000,2026-05-14 04:55:27.23176
simple_btree,with_trigger,250000,5,100,10,1000,1000,23.541000,0.02354100000000000000,2026-05-14 04:55:27.256026
unique_btree,without_trigger,250000,1,100,10,1000,0,12.390000,0.01239000000000000000,2026-05-14 04:55:28.400943
unique_btree,without_trigger,250000,2,100,10,1000,0,13.794000,0.01379400000000000000,2026-05-14 04:55:28.415321
unique_btree,without_trigger,250000,3,100,10,1000,0,12.328000,0.01232800000000000000,2026-05-14 04:55:28.428222
unique_btree,without_trigger,250000,4,100,10,1000,0,14.311000,0.01431100000000000000,2026-05-14 04:55:28.443209
unique_btree,without_trigger,250000,5,100,10,1000,0,18.957000,0.01895700000000000000,2026-05-14 04:55:28.463005
unique_btree,with_trigger,250000,1,100,10,1000,1000,21.143000,0.02114300000000000000,2026-05-14 04:55:29.529022
unique_btree,with_trigger,250000,2,100,10,1000,1000,21.322000,0.02132200000000000000,2026-05-14 04:55:29.551171
unique_btree,with_trigger,250000,3,100,10,1000,1000,21.023000,0.02102300000000000000,2026-05-14 04:55:29.572916
unique_btree,with_trigger,250000,4,100,10,1000,1000,24.151000,0.02415100000000000000,2026-05-14 04:55:29.597762
unique_btree,with_trigger,250000,5,100,10,1000,1000,26.657000,0.02665700000000000000,2026-05-14 04:55:29.625215
expression_index,without_trigger,500000,1,100,10,1000,0,19.957000,0.01995700000000000000,2026-05-14 04:56:08.258868
expression_index,without_trigger,500000,2,100,10,1000,0,53.396000,0.05339600000000000000,2026-05-14 04:56:08.314166
expression_index,without_trigger,500000,3,100,10,1000,0,43.695000,0.04369500000000000000,2026-05-14 04:56:08.358803
expression_index,without_trigger,500000,4,100,10,1000,0,35.670000,0.03567000000000000000,2026-05-14 04:56:08.395308
expression_index,without_trigger,500000,5,100,10,1000,0,21.972000,0.02197200000000000000,2026-05-14 04:56:08.417931
expression_index,with_trigger,500000,1,100,10,1000,1000,31.336000,0.03133600000000000000,2026-05-14 04:56:11.246335
expression_index,with_trigger,500000,2,100,10,1000,1000,27.930000,0.02793000000000000000,2026-05-14 04:56:11.274968
expression_index,with_trigger,500000,3,100,10,1000,1000,26.084000,0.02608400000000000000,2026-05-14 04:56:11.301764
expression_index,with_trigger,500000,4,100,10,1000,1000,30.716000,0.03071600000000000000,2026-05-14 04:56:11.333465
expression_index,with_trigger,500000,5,100,10,1000,1000,77.848000,0.07784800000000000000,2026-05-14 04:56:11.412376
function_index,without_trigger,500000,1,100,10,1000,0,14.787000,0.01478700000000000000,2026-05-14 04:56:13.613967
function_index,without_trigger,500000,2,100,10,1000,0,12.068000,0.01206800000000000000,2026-05-14 04:56:13.626631
function_index,without_trigger,500000,3,100,10,1000,0,13.028000,0.01302800000000000000,2026-05-14 04:56:13.640328
function_index,without_trigger,500000,4,100,10,1000,0,14.818000,0.01481800000000000000,2026-05-14 04:56:13.655801
function_index,without_trigger,500000,5,100,10,1000,0,14.991000,0.01499100000000000000,2026-05-14 04:56:13.671431
function_index,with_trigger,500000,1,100,10,1000,1000,21.789000,0.02178900000000000000,2026-05-14 04:56:15.71092
function_index,with_trigger,500000,2,100,10,1000,1000,24.670000,0.02467000000000000000,2026-05-14 04:56:15.736289
function_index,with_trigger,500000,3,100,10,1000,1000,22.213000,0.02221300000000000000,2026-05-14 04:56:15.759213
function_index,with_trigger,500000,4,100,10,1000,1000,33.094000,0.03309400000000000000,2026-05-14 04:56:15.793119
function_index,with_trigger,500000,5,100,10,1000,1000,29.977000,0.02997700000000000000,2026-05-14 04:56:15.824187
no_extra_index,without_trigger,500000,1,100,10,1000,0,14.011000,0.01401100000000000000,2026-05-14 04:55:56.256971
no_extra_index,without_trigger,500000,2,100,10,1000,0,11.382000,0.01138200000000000000,2026-05-14 04:55:56.26909
no_extra_index,without_trigger,500000,3,100,10,1000,0,12.003000,0.01200300000000000000,2026-05-14 04:55:56.281992
no_extra_index,without_trigger,500000,4,100,10,1000,0,14.053000,0.01405300000000000000,2026-05-14 04:55:56.296954
no_extra_index,without_trigger,500000,5,100,10,1000,0,11.364000,0.01136400000000000000,2026-05-14 04:55:56.308897
no_lookup_index,without_trigger,500000,1,100,10,1000,0,3381.135000,3.3811350000000000,2026-05-14 04:55:40.561654
no_lookup_index,without_trigger,500000,2,100,10,1000,0,3374.683000,3.3746830000000000,2026-05-14 04:55:43.936984
no_lookup_index,without_trigger,500000,3,100,10,1000,0,3449.101000,3.4491010000000000,2026-05-14 04:55:47.38694
no_lookup_index,without_trigger,500000,4,100,10,1000,0,3390.725000,3.3907250000000000,2026-05-14 04:55:50.778789
no_lookup_index,without_trigger,500000,5,100,10,1000,0,3420.910000,3.4209100000000000,2026-05-14 04:55:54.200766
simple_btree,without_trigger,500000,1,100,10,1000,0,11.495000,0.01149500000000000000,2026-05-14 04:55:58.384692
simple_btree,without_trigger,500000,2,100,10,1000,0,14.146000,0.01414600000000000000,2026-05-14 04:55:58.399462
simple_btree,without_trigger,500000,3,100,10,1000,0,12.805000,0.01280500000000000000,2026-05-14 04:55:58.412919
simple_btree,without_trigger,500000,4,100,10,1000,0,13.567000,0.01356700000000000000,2026-05-14 04:55:58.427184
simple_btree,without_trigger,500000,5,100,10,1000,0,12.048000,0.01204800000000000000,2026-05-14 04:55:58.4398
simple_btree,with_trigger,500000,1,100,10,1000,1000,19.247000,0.01924700000000000000,2026-05-14 04:56:00.561871
simple_btree,with_trigger,500000,2,100,10,1000,1000,20.507000,0.02050700000000000000,2026-05-14 04:56:00.584552
simple_btree,with_trigger,500000,3,100,10,1000,1000,21.358000,0.02135800000000000000,2026-05-14 04:56:00.606612
simple_btree,with_trigger,500000,4,100,10,1000,1000,20.817000,0.02081700000000000000,2026-05-14 04:56:00.628191
simple_btree,with_trigger,500000,5,100,10,1000,1000,22.117000,0.02211700000000000000,2026-05-14 04:56:00.651191
unique_btree,without_trigger,500000,1,100,10,1000,0,11.936000,0.01193600000000000000,2026-05-14 04:56:02.933118
unique_btree,without_trigger,500000,2,100,10,1000,0,12.309000,0.01230900000000000000,2026-05-14 04:56:02.946038
unique_btree,without_trigger,500000,3,100,10,1000,0,12.555000,0.01255500000000000000,2026-05-14 04:56:02.959237
unique_btree,without_trigger,500000,4,100,10,1000,0,13.930000,0.01393000000000000000,2026-05-14 04:56:02.97381
unique_btree,without_trigger,500000,5,100,10,1000,0,12.543000,0.01254300000000000000,2026-05-14 04:56:02.986901
unique_btree,with_trigger,500000,1,100,10,1000,1000,25.963000,0.02596300000000000000,2026-05-14 04:56:05.13136
unique_btree,with_trigger,500000,2,100,10,1000,1000,57.265000,0.05726500000000000000,2026-05-14 04:56:05.189639
unique_btree,with_trigger,500000,3,100,10,1000,1000,46.446000,0.04644600000000000000,2026-05-14 04:56:05.237113
unique_btree,with_trigger,500000,4,100,10,1000,1000,34.743000,0.03474300000000000000,2026-05-14 04:56:05.272879
unique_btree,with_trigger,500000,5,100,10,1000,1000,24.754000,0.02475400000000000000,2026-05-14 04:56:05.298378
